date,code,revenue,name_zh,market,name_ko,sector
2018-12,2303,11385275.0,聯電,sii,UMC,파운드리
2019-01,2303,11795477.0,聯電,sii,UMC,파운드리
2019-02,2303,10461743.0,聯電,sii,UMC,파운드리
2019-03,2303,10325739.0,聯電,sii,UMC,파운드리
2019-04,2303,12082275.0,聯電,sii,UMC,파운드리
2019-05,2303,12242267.0,聯電,sii,UMC,파운드리
2019-06,2303,11706642.0,聯電,sii,UMC,파운드리
2019-07,2303,13728148.0,聯電,sii,UMC,파운드리
2019-08,2303,13184069.0,聯電,sii,UMC,파운드리
2019-09,2303,10826223.0,聯電,sii,UMC,파운드리
2019-10,2303,14587122.0,聯電,sii,UMC,파운드리
2019-11,2303,13891904.0,聯電,sii,UMC,파운드리
2019-12,2303,13370032.0,聯電,sii,UMC,파운드리
2020-01,2303,14091018.0,聯電,sii,UMC,파운드리
2020-02,2303,13606421.0,聯電,sii,UMC,파운드리
2020-03,2303,14570408.0,聯電,sii,UMC,파운드리
2020-04,2303,15059189.0,聯電,sii,UMC,파운드리
2020-05,2303,14745577.0,聯電,sii,UMC,파운드리
2020-06,2303,14581494.0,聯電,sii,UMC,파운드리
2020-07,2303,15494823.0,聯電,sii,UMC,파운드리
2020-08,2303,14841818.0,聯電,sii,UMC,파운드리
2020-09,2303,14533813.0,聯電,sii,UMC,파운드리
2020-10,2303,15282825.0,聯電,sii,UMC,파운드리
2020-11,2303,14725559.0,聯電,sii,UMC,파운드리
2020-12,2303,15287969.0,聯電,sii,UMC,파운드리
2021-01,2303,15529559.0,聯電,sii,UMC,파운드리
2021-02,2303,14947898.0,聯電,sii,UMC,파운드리
2021-03,2303,16619555.0,聯電,sii,UMC,파운드리
2021-04,2303,16382058.0,聯電,sii,UMC,파운드리
2021-05,2303,17189070.0,聯電,sii,UMC,파운드리
2021-06,2303,17336613.0,聯電,sii,UMC,파운드리
2021-07,2303,18366122.0,聯電,sii,UMC,파운드리
2021-08,2303,18789991.0,聯電,sii,UMC,파운드리
2021-09,2303,18750564.0,聯電,sii,UMC,파운드리
2021-10,2303,19158585.0,聯電,sii,UMC,파운드리
2021-11,2303,19661423.0,聯電,sii,UMC,파운드리
2021-12,2303,20279580.0,聯電,sii,UMC,파운드리
2022-01,2303,20472766.0,聯電,sii,UMC,파운드리
2022-02,2303,20809602.0,聯電,sii,UMC,파운드리
2022-03,2303,22140452.0,聯電,sii,UMC,파운드리
2022-04,2303,22796461.0,聯電,sii,UMC,파운드리
2022-05,2303,24433030.0,聯電,sii,UMC,파운드리
2022-06,2303,24825649.0,聯電,sii,UMC,파운드리
2022-07,2303,24826685.0,聯電,sii,UMC,파운드리
2022-08,2303,25346076.0,聯電,sii,UMC,파운드리
2022-09,2303,25218828.0,聯電,sii,UMC,파운드리
2022-10,2303,24344264.0,聯電,sii,UMC,파운드리
2022-11,2303,22545442.0,聯電,sii,UMC,파운드리
2022-12,2303,20946009.0,聯電,sii,UMC,파운드리
2023-01,2303,19589515.0,聯電,sii,UMC,파운드리
2023-02,2303,16931079.0,聯電,sii,UMC,파운드리
2023-03,2303,17688853.0,聯電,sii,UMC,파운드리
2023-04,2303,18461436.0,聯電,sii,UMC,파운드리
2023-05,2303,18778488.0,聯電,sii,UMC,파운드리
2023-06,2303,19056484.0,聯電,sii,UMC,파운드리
2023-07,2303,19063918.0,聯電,sii,UMC,파운드리
2023-08,2303,18952011.0,聯電,sii,UMC,파운드리
2023-09,2303,19052938.0,聯電,sii,UMC,파운드리
2023-10,2303,19191382.0,聯電,sii,UMC,파운드리
2023-11,2303,18787670.0,聯電,sii,UMC,파운드리
2023-12,2303,16979226.0,聯電,sii,UMC,파운드리
2024-01,2303,19013697.0,聯電,sii,UMC,파운드리
2024-02,2303,17451268.0,聯電,sii,UMC,파운드리
2024-03,2303,18167134.0,聯電,sii,UMC,파운드리
2024-04,2303,19741391.0,聯電,sii,UMC,파운드리
2024-05,2303,19509486.0,聯電,sii,UMC,파운드리
2024-06,2303,17548413.0,聯電,sii,UMC,파운드리
2024-07,2303,20896877.0,聯電,sii,UMC,파운드리
2024-08,2303,20645494.0,聯電,sii,UMC,파운드리
2024-09,2303,18942714.0,聯電,sii,UMC,파운드리
2024-10,2303,21371110.0,聯電,sii,UMC,파운드리
2024-11,2303,20049182.0,聯電,sii,UMC,파운드리
2024-12,2303,18965818.0,聯電,sii,UMC,파운드리
2025-01,2303,19806795.0,聯電,sii,UMC,파운드리
2025-02,2303,18193515.0,聯電,sii,UMC,파운드리
2025-03,2303,19858647.0,聯電,sii,UMC,파운드리
2025-04,2303,20454530.0,聯電,sii,UMC,파운드리
2025-05,2303,19480057.0,聯電,sii,UMC,파운드리
2025-06,2303,18823070.0,聯電,sii,UMC,파운드리
2025-07,2303,20040049.0,聯電,sii,UMC,파운드리
2025-08,2303,19159816.0,聯電,sii,UMC,파운드리
2025-09,2303,19927175.0,聯電,sii,UMC,파운드리
2025-10,2303,21294974.0,聯電,sii,UMC,파운드리
2025-11,2303,21233847.0,聯電,sii,UMC,파운드리
2025-12,2303,19280724.0,聯電,sii,UMC,파운드리
2026-01,2303,20862150.0,聯電,sii,UMC,파운드리
2026-02,2303,19345126.0,聯電,sii,UMC,파운드리
2026-03,2303,20830626.0,聯電,sii,UMC,파운드리
2026-04,2303,22663945.0,聯電,sii,UMC,파운드리
2026-05,2303,22943755.0,聯電,sii,UMC,파운드리
2018-12,2317,619315527.0,鴻海,sii,Hon Hai(폭스콘),EMS
2019-01,2317,414095017.0,鴻海,sii,Hon Hai(폭스콘),EMS
2019-02,2317,265632525.0,鴻海,sii,Hon Hai(폭스콘),EMS
2019-03,2317,376604602.0,鴻海,sii,Hon Hai(폭스콘),EMS
2019-04,2317,379786358.0,鴻海,sii,Hon Hai(폭스콘),EMS
2019-05,2317,384217278.0,鴻海,sii,Hon Hai(폭스콘),EMS
2019-06,2317,396537313.0,鴻海,sii,Hon Hai(폭스콘),EMS
2019-07,2317,398012063.0,鴻海,sii,Hon Hai(폭스콘),EMS
2019-08,2317,398815197.0,鴻海,sii,Hon Hai(폭스콘),EMS
2019-09,2317,587790037.0,鴻海,sii,Hon Hai(폭스콘),EMS
2019-10,2317,595882399.0,鴻海,sii,Hon Hai(폭스콘),EMS
2019-11,2317,602646218.0,鴻海,sii,Hon Hai(폭스콘),EMS
2019-12,2317,539507164.0,鴻海,sii,Hon Hai(폭스콘),EMS
2020-01,2317,364565505.0,鴻海,sii,Hon Hai(폭스콘),EMS
2020-02,2317,217460379.0,鴻海,sii,Hon Hai(폭스콘),EMS
2020-03,2317,347654242.0,鴻海,sii,Hon Hai(폭스콘),EMS
2020-04,2317,380925137.0,鴻海,sii,Hon Hai(폭스콘),EMS
2020-05,2317,386980506.0,鴻海,sii,Hon Hai(폭스콘),EMS
2020-06,2317,360531936.0,鴻海,sii,Hon Hai(폭스콘),EMS
2020-07,2317,403325650.0,鴻海,sii,Hon Hai(폭스콘),EMS
2020-08,2317,420545724.0,鴻海,sii,Hon Hai(폭스콘),EMS
2020-09,2317,466362634.0,鴻海,sii,Hon Hai(폭스콘),EMS
2020-10,2317,612553870.0,鴻海,sii,Hon Hai(폭스콘),EMS
2020-11,2317,681375475.0,鴻海,sii,Hon Hai(폭스콘),EMS
2020-12,2317,713780191.0,鴻海,sii,Hon Hai(폭스콘),EMS
2021-01,2317,500218095.0,鴻海,sii,Hon Hai(폭스콘),EMS
2021-02,2317,401893348.0,鴻海,sii,Hon Hai(폭스콘),EMS
2021-03,2317,441217054.0,鴻海,sii,Hon Hai(폭스콘),EMS
2021-04,2317,500490784.0,鴻海,sii,Hon Hai(폭스콘),EMS
2021-05,2317,455034482.0,鴻海,sii,Hon Hai(폭스콘),EMS
2021-06,2317,401616787.0,鴻海,sii,Hon Hai(폭스콘),EMS
2021-07,2317,418015118.0,鴻海,sii,Hon Hai(폭스콘),EMS
2021-08,2317,400048695.0,鴻海,sii,Hon Hai(폭스콘),EMS
2021-09,2317,585731112.0,鴻海,sii,Hon Hai(폭스콘),EMS
2021-10,2317,550890889.0,鴻海,sii,Hon Hai(폭스콘),EMS
2021-11,2317,621713098.0,鴻海,sii,Hon Hai(폭스콘),EMS
2021-12,2317,717583317.0,鴻海,sii,Hon Hai(폭스콘),EMS
2022-01,2317,445750368.0,鴻海,sii,Hon Hai(폭스콘),EMS
2022-02,2317,455025496.0,鴻海,sii,Hon Hai(폭스콘),EMS
2022-03,2317,507394648.0,鴻海,sii,Hon Hai(폭스콘),EMS
2022-04,2317,486464046.0,鴻海,sii,Hon Hai(폭스콘),EMS
2022-05,2317,497774765.0,鴻海,sii,Hon Hai(폭스콘),EMS
2022-06,2317,526195533.0,鴻海,sii,Hon Hai(폭스콘),EMS
2022-07,2317,475099076.0,鴻海,sii,Hon Hai(폭스콘),EMS
2022-08,2317,448906316.0,鴻海,sii,Hon Hai(폭스콘),EMS
2022-09,2317,822323447.0,鴻海,sii,Hon Hai(폭스콘),EMS
2022-10,2317,776576519.0,鴻海,sii,Hon Hai(폭스콘),EMS
2022-11,2317,551092114.0,鴻海,sii,Hon Hai(폭스콘),EMS
2022-12,2317,629339433.0,鴻海,sii,Hon Hai(폭스콘),EMS
2023-01,2317,660363151.0,鴻海,sii,Hon Hai(폭스콘),EMS
2023-02,2317,402035366.0,鴻海,sii,Hon Hai(폭스콘),EMS
2023-03,2317,400293029.0,鴻海,sii,Hon Hai(폭스콘),EMS
2023-04,2317,429219228.0,鴻海,sii,Hon Hai(폭스콘),EMS
2023-05,2317,450725682.0,鴻海,sii,Hon Hai(폭스콘),EMS
2023-06,2317,422774983.0,鴻海,sii,Hon Hai(폭스콘),EMS
2023-07,2317,469234396.0,鴻海,sii,Hon Hai(폭스콘),EMS
2023-08,2317,412838898.0,鴻海,sii,Hon Hai(폭스콘),EMS
2023-09,2317,660740414.0,鴻海,sii,Hon Hai(폭스콘),EMS
2023-10,2317,741200306.0,鴻海,sii,Hon Hai(폭스콘),EMS
2023-11,2317,650021114.0,鴻海,sii,Hon Hai(폭스콘),EMS
2023-12,2317,460124625.0,鴻海,sii,Hon Hai(폭스콘),EMS
2024-01,2317,522141475.0,鴻海,sii,Hon Hai(폭스콘),EMS
2024-02,2317,352480676.0,鴻海,sii,Hon Hai(폭스콘),EMS
2024-03,2317,447540564.0,鴻海,sii,Hon Hai(폭스콘),EMS
2024-04,2317,510896397.0,鴻海,sii,Hon Hai(폭스콘),EMS
2024-05,2317,550157241.0,鴻海,sii,Hon Hai(폭스콘),EMS
2024-06,2317,490725274.0,鴻海,sii,Hon Hai(폭스콘),EMS
2024-07,2317,572351867.0,鴻海,sii,Hon Hai(폭스콘),EMS
2024-08,2317,548311941.0,鴻海,sii,Hon Hai(폭스콘),EMS
2024-09,2317,733023957.0,鴻海,sii,Hon Hai(폭스콘),EMS
2024-10,2317,804847646.0,鴻海,sii,Hon Hai(폭스콘),EMS
2024-11,2317,672585341.0,鴻海,sii,Hon Hai(폭스콘),EMS
2024-12,2317,654825418.0,鴻海,sii,Hon Hai(폭스콘),EMS
2025-01,2317,538665759.0,鴻海,sii,Hon Hai(폭스콘),EMS
2025-02,2317,551382882.0,鴻海,sii,Hon Hai(폭스콘),EMS
2025-03,2317,552124573.0,鴻海,sii,Hon Hai(폭스콘),EMS
2025-04,2317,641365597.0,鴻海,sii,Hon Hai(폭스콘),EMS
2025-05,2317,615744933.0,鴻海,sii,Hon Hai(폭스콘),EMS
2025-06,2317,540236697.0,鴻海,sii,Hon Hai(폭스콘),EMS
2025-07,2317,613864601.0,鴻海,sii,Hon Hai(폭스콘),EMS
2025-08,2317,606512275.0,鴻海,sii,Hon Hai(폭스콘),EMS
2025-09,2317,837067572.0,鴻海,sii,Hon Hai(폭스콘),EMS
2025-10,2317,895708525.0,鴻海,sii,Hon Hai(폭스콘),EMS
2025-11,2317,844275843.0,鴻海,sii,Hon Hai(폭스콘),EMS
2025-12,2317,862861362.0,鴻海,sii,Hon Hai(폭스콘),EMS
2026-01,2317,730039420.0,鴻海,sii,Hon Hai(폭스콘),EMS
2026-02,2317,595813348.0,鴻海,sii,Hon Hai(폭스콘),EMS
2026-03,2317,803737716.0,鴻海,sii,Hon Hai(폭스콘),EMS
2026-04,2317,832097956.0,鴻海,sii,Hon Hai(폭스콘),EMS
2026-05,2317,859409333.0,鴻海,sii,Hon Hai(폭스콘),EMS
2018-12,2330,89830598.0,台積電,sii,TSMC,파운드리
2019-01,2330,78093827.0,台積電,sii,TSMC,파운드리
2019-02,2330,60889055.0,台積電,sii,TSMC,파운드리
2019-03,2330,79721587.0,台積電,sii,TSMC,파운드리
2019-04,2330,74693615.0,台積電,sii,TSMC,파운드리
2019-05,2330,80436931.0,台積電,sii,TSMC,파운드리
2019-06,2330,85867929.0,台積電,sii,TSMC,파운드리
2019-07,2330,84757724.0,台積電,sii,TSMC,파운드리
2019-08,2330,106117619.0,台積電,sii,TSMC,파운드리
2019-09,2330,102170096.0,台積電,sii,TSMC,파운드리
2019-10,2330,106039531.0,台積電,sii,TSMC,파운드리
2019-11,2330,107884396.0,台積電,sii,TSMC,파운드리
2019-12,2330,103313138.0,台積電,sii,TSMC,파운드리
2020-01,2330,103683135.0,台積電,sii,TSMC,파운드리
2020-02,2330,93394449.0,台積電,sii,TSMC,파운드리
2020-03,2330,113519599.0,台積電,sii,TSMC,파운드리
2020-04,2330,96001572.0,台積電,sii,TSMC,파운드리
2020-05,2330,93819010.0,台積電,sii,TSMC,파운드리
2020-06,2330,120877785.0,台積電,sii,TSMC,파운드리
2020-07,2330,105963468.0,台積電,sii,TSMC,파운드리
2020-08,2330,122878244.0,台積電,sii,TSMC,파운드리
2020-09,2330,127584492.0,台積電,sii,TSMC,파운드리
2020-10,2330,119302707.0,台積電,sii,TSMC,파운드리
2020-11,2330,124865438.0,台積電,sii,TSMC,파운드리
2020-12,2330,117364912.0,台積電,sii,TSMC,파운드리
2021-01,2330,126749152.0,台積電,sii,TSMC,파운드리
2021-02,2330,106533690.0,台積電,sii,TSMC,파운드리
2021-03,2330,129127388.0,台積電,sii,TSMC,파운드리
2021-04,2330,111314794.0,台積電,sii,TSMC,파운드리
2021-05,2330,112359668.0,台積電,sii,TSMC,파운드리
2021-06,2330,148470660.0,台積電,sii,TSMC,파운드리
2021-07,2330,124557799.0,台積電,sii,TSMC,파운드리
2021-08,2330,137427162.0,台積電,sii,TSMC,파운드리
2021-09,2330,152685418.0,台積電,sii,TSMC,파운드리
2021-10,2330,134539477.0,台積電,sii,TSMC,파운드리
2021-11,2330,148267599.0,台積電,sii,TSMC,파운드리
2021-12,2330,155382230.0,台積電,sii,TSMC,파운드리
2022-01,2330,172176110.0,台積電,sii,TSMC,파운드리
2022-02,2330,146933238.0,台積電,sii,TSMC,파운드리
2022-03,2330,171966525.0,台積電,sii,TSMC,파운드리
2022-04,2330,172561382.0,台積電,sii,TSMC,파운드리
2022-05,2330,185705425.0,台積電,sii,TSMC,파운드리
2022-06,2330,175874001.0,台積電,sii,TSMC,파운드리
2022-07,2330,186762689.0,台積電,sii,TSMC,파운드리
2022-08,2330,218132391.0,台積電,sii,TSMC,파운드리
2022-09,2330,208247663.0,台積電,sii,TSMC,파운드리
2022-10,2330,210265633.0,台積電,sii,TSMC,파운드리
2022-11,2330,222705993.0,台積電,sii,TSMC,파운드리
2022-12,2330,192560242.0,台積電,sii,TSMC,파운드리
2023-01,2330,200050544.0,台積電,sii,TSMC,파운드리
2023-02,2330,163174097.0,台積電,sii,TSMC,파운드리
2023-03,2330,145408332.0,台積電,sii,TSMC,파운드리
2023-04,2330,147899735.0,台積電,sii,TSMC,파운드리
2023-05,2330,176537345.0,台積電,sii,TSMC,파운드리
2023-06,2330,156404174.0,台積電,sii,TSMC,파운드리
2023-07,2330,177616220.0,台積電,sii,TSMC,파운드리
2023-08,2330,188686256.0,台積電,sii,TSMC,파운드리
2023-09,2330,180430282.0,台積電,sii,TSMC,파운드리
2023-10,2330,243202811.0,台積電,sii,TSMC,파운드리
2023-11,2330,206026179.0,台積電,sii,TSMC,파운드리
2023-12,2330,176299866.0,台積電,sii,TSMC,파운드리
2024-01,2330,215785127.0,台積電,sii,TSMC,파운드리
2024-02,2330,181648270.0,台積電,sii,TSMC,파운드리
2024-03,2330,195210804.0,台積電,sii,TSMC,파운드리
2024-04,2330,236021112.0,台積電,sii,TSMC,파운드리
2024-05,2330,229620372.0,台積電,sii,TSMC,파운드리
2024-06,2330,207868693.0,台積電,sii,TSMC,파운드리
2024-07,2330,256953058.0,台積電,sii,TSMC,파운드리
2024-08,2330,250866368.0,台積電,sii,TSMC,파운드리
2024-09,2330,251872717.0,台積電,sii,TSMC,파운드리
2024-10,2330,314239713.0,台積電,sii,TSMC,파운드리
2024-11,2330,276058358.0,台積電,sii,TSMC,파운드리
2024-12,2330,278163107.0,台積電,sii,TSMC,파운드리
2025-01,2330,293288038.0,台積電,sii,TSMC,파운드리
2025-02,2330,260008796.0,台積電,sii,TSMC,파운드리
2025-03,2330,285956830.0,台積電,sii,TSMC,파운드리
2025-04,2330,349566940.0,台積電,sii,TSMC,파운드리
2025-05,2330,320515951.0,台積電,sii,TSMC,파운드리
2025-06,2330,263708978.0,台積電,sii,TSMC,파운드리
2025-07,2330,323165707.0,台積電,sii,TSMC,파운드리
2025-08,2330,335771691.0,台積電,sii,TSMC,파운드리
2025-09,2330,330980920.0,台積電,sii,TSMC,파운드리
2025-10,2330,367473051.0,台積電,sii,TSMC,파운드리
2025-11,2330,343613802.0,台積電,sii,TSMC,파운드리
2025-12,2330,335003568.0,台積電,sii,TSMC,파운드리
2026-01,2330,401255128.0,台積電,sii,TSMC,파운드리
2026-02,2330,317656613.0,台積電,sii,TSMC,파운드리
2026-03,2330,415191699.0,台積電,sii,TSMC,파운드리
2026-04,2330,410725118.0,台積電,sii,TSMC,파운드리
2026-05,2330,416975163.0,台積電,sii,TSMC,파운드리
2018-12,2344,3691818.0,華邦電,sii,Winbond,메모리
2019-01,2344,3876792.0,華邦電,sii,Winbond,메모리
2019-02,2344,3275804.0,華邦電,sii,Winbond,메모리
2019-03,2344,3734172.0,華邦電,sii,Winbond,메모리
2019-04,2344,3903846.0,華邦電,sii,Winbond,메모리
2019-05,2344,4012937.0,華邦電,sii,Winbond,메모리
2019-06,2344,4094886.0,華邦電,sii,Winbond,메모리
2019-07,2344,4327483.0,華邦電,sii,Winbond,메모리
2019-08,2344,4463022.0,華邦電,sii,Winbond,메모리
2019-09,2344,4629824.0,華邦電,sii,Winbond,메모리
2019-10,2344,4321150.0,華邦電,sii,Winbond,메모리
2019-11,2344,4057424.0,華邦電,sii,Winbond,메모리
2019-12,2344,4074094.0,華邦電,sii,Winbond,메모리
2020-01,2344,3682717.0,華邦電,sii,Winbond,메모리
2020-02,2344,3725519.0,華邦電,sii,Winbond,메모리
2020-03,2344,4140767.0,華邦電,sii,Winbond,메모리
2020-04,2344,4348589.0,華邦電,sii,Winbond,메모리
2020-05,2344,4273412.0,華邦電,sii,Winbond,메모리
2020-06,2344,4130594.0,華邦電,sii,Winbond,메모리
2020-07,2344,4124163.0,華邦電,sii,Winbond,메모리
2020-08,2344,4432501.0,華邦電,sii,Winbond,메모리
2020-09,2344,7477057.0,華邦電,sii,Winbond,메모리
2020-10,2344,6864511.0,華邦電,sii,Winbond,메모리
2020-11,2344,6675073.0,華邦電,sii,Winbond,메모리
2020-12,2344,6808268.0,華邦電,sii,Winbond,메모리
2021-01,2344,6903387.0,華邦電,sii,Winbond,메모리
2021-02,2344,6454634.0,華邦電,sii,Winbond,메모리
2021-03,2344,7967337.0,華邦電,sii,Winbond,메모리
2021-04,2344,8304909.0,華邦電,sii,Winbond,메모리
2021-05,2344,8207005.0,華邦電,sii,Winbond,메모리
2021-06,2344,8722245.0,華邦電,sii,Winbond,메모리
2021-07,2344,9089871.0,華邦電,sii,Winbond,메모리
2021-08,2344,8816083.0,華邦電,sii,Winbond,메모리
2021-09,2344,9108776.0,華邦電,sii,Winbond,메모리
2021-10,2344,8829275.0,華邦電,sii,Winbond,메모리
2021-11,2344,8559401.0,華邦電,sii,Winbond,메모리
2021-12,2344,8607001.0,華邦電,sii,Winbond,메모리
2022-01,2344,8690488.0,華邦電,sii,Winbond,메모리
2022-02,2344,8606056.0,華邦電,sii,Winbond,메모리
2022-03,2344,9217307.0,華邦電,sii,Winbond,메모리
2022-04,2344,8923615.0,華邦電,sii,Winbond,메모리
2022-05,2344,8820001.0,華邦電,sii,Winbond,메모리
2022-06,2344,8903080.0,華邦電,sii,Winbond,메모리
2022-07,2344,7390832.0,華邦電,sii,Winbond,메모리
2022-08,2344,7402743.0,華邦電,sii,Winbond,메모리
2022-09,2344,7351855.0,華邦電,sii,Winbond,메모리
2022-10,2344,6226159.0,華邦電,sii,Winbond,메모리
2022-11,2344,6519979.0,華邦電,sii,Winbond,메모리
2022-12,2344,6477675.0,華邦電,sii,Winbond,메모리
2023-01,2344,4885570.0,華邦電,sii,Winbond,메모리
2023-02,2344,5746016.0,華邦電,sii,Winbond,메모리
2023-03,2344,6884141.0,華邦電,sii,Winbond,메모리
2023-04,2344,5684046.0,華邦電,sii,Winbond,메모리
2023-05,2344,6137916.0,華邦電,sii,Winbond,메모리
2023-06,2344,6988905.0,華邦電,sii,Winbond,메모리
2023-07,2344,6314838.0,華邦電,sii,Winbond,메모리
2023-08,2344,6424643.0,華邦電,sii,Winbond,메모리
2023-09,2344,6766334.0,華邦電,sii,Winbond,메모리
2023-10,2344,6297972.0,華邦電,sii,Winbond,메모리
2023-11,2344,6368389.0,華邦電,sii,Winbond,메모리
2023-12,2344,6507308.0,華邦電,sii,Winbond,메모리
2024-01,2344,6402586.0,華邦電,sii,Winbond,메모리
2024-02,2344,6207435.0,華邦電,sii,Winbond,메모리
2024-03,2344,7511330.0,華邦電,sii,Winbond,메모리
2024-04,2344,6981267.0,華邦電,sii,Winbond,메모리
2024-05,2344,7125163.0,華邦電,sii,Winbond,메모리
2024-06,2344,7377553.0,華邦電,sii,Winbond,메모리
2024-07,2344,7083403.0,華邦電,sii,Winbond,메모리
2024-08,2344,6997545.0,華邦電,sii,Winbond,메모리
2024-09,2344,7231483.0,華邦電,sii,Winbond,메모리
2024-10,2344,6097945.0,華邦電,sii,Winbond,메모리
2024-11,2344,6221805.0,華邦電,sii,Winbond,메모리
2024-12,2344,6372253.0,華邦電,sii,Winbond,메모리
2025-01,2344,6066312.0,華邦電,sii,Winbond,메모리
2025-02,2344,6353503.0,華邦電,sii,Winbond,메모리
2025-03,2344,7572802.0,華邦電,sii,Winbond,메모리
2025-04,2344,6819077.0,華邦電,sii,Winbond,메모리
2025-05,2344,7093516.0,華邦電,sii,Winbond,메모리
2025-06,2344,7105364.0,華邦電,sii,Winbond,메모리
2025-07,2344,6837785.0,華邦電,sii,Winbond,메모리
2025-08,2344,7012528.0,華邦電,sii,Winbond,메모리
2025-09,2344,7920210.0,華邦電,sii,Winbond,메모리
2025-10,2344,8225204.0,華邦電,sii,Winbond,메모리
2025-11,2344,8629567.0,華邦電,sii,Winbond,메모리
2025-12,2344,9770303.0,華邦電,sii,Winbond,메모리
2026-01,2344,11778411.0,華邦電,sii,Winbond,메모리
2026-02,2344,11973254.0,華邦電,sii,Winbond,메모리
2026-03,2344,14501399.0,華邦電,sii,Winbond,메모리
2026-04,2344,19245022.0,華邦電,sii,Winbond,메모리
2026-05,2344,20001444.0,華邦電,sii,Winbond,메모리
2018-12,2379,3926809.0,瑞昱,sii,Realtek,팹리스
2019-01,2379,4662891.0,瑞昱,sii,Realtek,팹리스
2019-02,2379,3677246.0,瑞昱,sii,Realtek,팹리스
2019-03,2379,4494505.0,瑞昱,sii,Realtek,팹리스
2019-04,2379,4872021.0,瑞昱,sii,Realtek,팹리스
2019-05,2379,5308911.0,瑞昱,sii,Realtek,팹리스
2019-06,2379,5000623.0,瑞昱,sii,Realtek,팹리스
2019-07,2379,4952171.0,瑞昱,sii,Realtek,팹리스
2019-08,2379,5189570.0,瑞昱,sii,Realtek,팹리스
2019-09,2379,5901369.0,瑞昱,sii,Realtek,팹리스
2019-10,2379,5685914.0,瑞昱,sii,Realtek,팹리스
2019-11,2379,5485101.0,瑞昱,sii,Realtek,팹리스
2019-12,2379,5513684.0,瑞昱,sii,Realtek,팹리스
2020-01,2379,5390129.0,瑞昱,sii,Realtek,팹리스
2020-02,2379,5107522.0,瑞昱,sii,Realtek,팹리스
2020-03,2379,5430381.0,瑞昱,sii,Realtek,팹리스
2020-04,2379,5533446.0,瑞昱,sii,Realtek,팹리스
2020-05,2379,5725927.0,瑞昱,sii,Realtek,팹리스
2020-06,2379,6078792.0,瑞昱,sii,Realtek,팹리스
2020-07,2379,6935184.0,瑞昱,sii,Realtek,팹리스
2020-08,2379,7300353.0,瑞昱,sii,Realtek,팹리스
2020-09,2379,8173239.0,瑞昱,sii,Realtek,팹리스
2020-10,2379,7441680.0,瑞昱,sii,Realtek,팹리스
2020-11,2379,7803305.0,瑞昱,sii,Realtek,팹리스
2020-12,2379,6839511.0,瑞昱,sii,Realtek,팹리스
2021-01,2379,8257933.0,瑞昱,sii,Realtek,팹리스
2021-02,2379,7027354.0,瑞昱,sii,Realtek,팹리스
2021-03,2379,8055459.0,瑞昱,sii,Realtek,팹리스
2021-04,2379,7811945.0,瑞昱,sii,Realtek,팹리스
2021-05,2379,8576975.0,瑞昱,sii,Realtek,팹리스
2021-06,2379,9450162.0,瑞昱,sii,Realtek,팹리스
2021-07,2379,9563140.0,瑞昱,sii,Realtek,팹리스
2021-08,2379,9626664.0,瑞昱,sii,Realtek,팹리스
2021-09,2379,9765046.0,瑞昱,sii,Realtek,팹리스
2021-10,2379,9006940.0,瑞昱,sii,Realtek,팹리스
2021-11,2379,9185014.0,瑞昱,sii,Realtek,팹리스
2021-12,2379,9177653.0,瑞昱,sii,Realtek,팹리스
2022-01,2379,10202856.0,瑞昱,sii,Realtek,팹리스
2022-02,2379,9104272.0,瑞昱,sii,Realtek,팹리스
2022-03,2379,10449183.0,瑞昱,sii,Realtek,팹리스
2022-04,2379,10406994.0,瑞昱,sii,Realtek,팹리스
2022-05,2379,10450599.0,瑞昱,sii,Realtek,팹리스
2022-06,2379,9641751.0,瑞昱,sii,Realtek,팹리스
2022-07,2379,9790003.0,瑞昱,sii,Realtek,팹리스
2022-08,2379,10398019.0,瑞昱,sii,Realtek,팹리스
2022-09,2379,9583996.0,瑞昱,sii,Realtek,팹리스
2022-10,2379,8089070.0,瑞昱,sii,Realtek,팹리스
2022-11,2379,7295772.0,瑞昱,sii,Realtek,팹리스
2022-12,2379,6377276.0,瑞昱,sii,Realtek,팹리스
2023-01,2379,5490954.0,瑞昱,sii,Realtek,팹리스
2023-02,2379,6196611.0,瑞昱,sii,Realtek,팹리스
2023-03,2379,7937338.0,瑞昱,sii,Realtek,팹리스
2023-04,2379,8263019.0,瑞昱,sii,Realtek,팹리스
2023-05,2379,9019326.0,瑞昱,sii,Realtek,팹리스
2023-06,2379,9008458.0,瑞昱,sii,Realtek,팹리스
2023-07,2379,8964637.0,瑞昱,sii,Realtek,팹리스
2023-08,2379,8855110.0,瑞昱,sii,Realtek,팹리스
2023-09,2379,8858698.0,瑞昱,sii,Realtek,팹리스
2023-10,2379,7865762.0,瑞昱,sii,Realtek,팹리스
2023-11,2379,7806492.0,瑞昱,sii,Realtek,팹리스
2023-12,2379,6912871.0,瑞昱,sii,Realtek,팹리스
2024-01,2379,8759918.0,瑞昱,sii,Realtek,팹리스
2024-02,2379,7823356.0,瑞昱,sii,Realtek,팹리스
2024-03,2379,9039570.0,瑞昱,sii,Realtek,팹리스
2024-04,2379,10068283.0,瑞昱,sii,Realtek,팹리스
2024-05,2379,10382338.0,瑞昱,sii,Realtek,팹리스
2024-06,2379,10223159.0,瑞昱,sii,Realtek,팹리스
2024-07,2379,10710173.0,瑞昱,sii,Realtek,팹리스
2024-08,2379,10212638.0,瑞昱,sii,Realtek,팹리스
2024-09,2379,9829641.0,瑞昱,sii,Realtek,팹리스
2024-10,2379,8947322.0,瑞昱,sii,Realtek,팹리스
2024-11,2379,8722055.0,瑞昱,sii,Realtek,팹리스
2024-12,2379,8675245.0,瑞昱,sii,Realtek,팹리스
2025-01,2379,11868702.0,瑞昱,sii,Realtek,팹리스
2025-02,2379,11321090.0,瑞昱,sii,Realtek,팹리스
2025-03,2379,11832604.0,瑞昱,sii,Realtek,팹리스
2025-04,2379,11430305.0,瑞昱,sii,Realtek,팹리스
2025-05,2379,10276326.0,瑞昱,sii,Realtek,팹리스
2025-06,2379,10207732.0,瑞昱,sii,Realtek,팹리스
2025-07,2379,9729539.0,瑞昱,sii,Realtek,팹리스
2025-08,2379,9727390.0,瑞昱,sii,Realtek,팹리스
2025-09,2379,10034210.0,瑞昱,sii,Realtek,팹리스
2025-10,2379,9063193.0,瑞昱,sii,Realtek,팹리스
2025-11,2379,8882406.0,瑞昱,sii,Realtek,팹리스
2025-12,2379,8332875.0,瑞昱,sii,Realtek,팹리스
2026-01,2379,13577638.0,瑞昱,sii,Realtek,팹리스
2026-02,2379,10482135.0,瑞昱,sii,Realtek,팹리스
2026-03,2379,12362793.0,瑞昱,sii,Realtek,팹리스
2026-04,2379,12719097.0,瑞昱,sii,Realtek,팹리스
2026-05,2379,12523520.0,瑞昱,sii,Realtek,팹리스
2018-12,2382,102657652.0,廣達,sii,Quanta,AI서버/ODM
2019-01,2382,84925212.0,廣達,sii,Quanta,AI서버/ODM
2019-02,2382,62862271.0,廣達,sii,Quanta,AI서버/ODM
2019-03,2382,73542812.0,廣達,sii,Quanta,AI서버/ODM
2019-04,2382,78126788.0,廣達,sii,Quanta,AI서버/ODM
2019-05,2382,88677935.0,廣達,sii,Quanta,AI서버/ODM
2019-06,2382,78935998.0,廣達,sii,Quanta,AI서버/ODM
2019-07,2382,82994433.0,廣達,sii,Quanta,AI서버/ODM
2019-08,2382,91868918.0,廣達,sii,Quanta,AI서버/ODM
2019-09,2382,90278563.0,廣達,sii,Quanta,AI서버/ODM
2019-10,2382,95753560.0,廣達,sii,Quanta,AI서버/ODM
2019-11,2382,108749736.0,廣達,sii,Quanta,AI서버/ODM
2019-12,2382,92881861.0,廣達,sii,Quanta,AI서버/ODM
2020-01,2382,62958366.0,廣達,sii,Quanta,AI서버/ODM
2020-02,2382,49194067.0,廣達,sii,Quanta,AI서버/ODM
2020-03,2382,78111605.0,廣達,sii,Quanta,AI서버/ODM
2020-04,2382,83397185.0,廣達,sii,Quanta,AI서버/ODM
2020-05,2382,93347803.0,廣達,sii,Quanta,AI서버/ODM
2020-06,2382,93471203.0,廣達,sii,Quanta,AI서버/ODM
2020-07,2382,108927559.0,廣達,sii,Quanta,AI서버/ODM
2020-08,2382,106045918.0,廣達,sii,Quanta,AI서버/ODM
2020-09,2382,112374677.0,廣達,sii,Quanta,AI서버/ODM
2020-10,2382,90339020.0,廣達,sii,Quanta,AI서버/ODM
2020-11,2382,102876360.0,廣達,sii,Quanta,AI서버/ODM
2020-12,2382,109820328.0,廣達,sii,Quanta,AI서버/ODM
2021-01,2382,94354473.0,廣達,sii,Quanta,AI서버/ODM
2021-02,2382,80146858.0,廣達,sii,Quanta,AI서버/ODM
2021-03,2382,94452281.0,廣達,sii,Quanta,AI서버/ODM
2021-04,2382,84836851.0,廣達,sii,Quanta,AI서버/ODM
2021-05,2382,85052076.0,廣達,sii,Quanta,AI서버/ODM
2021-06,2382,90388641.0,廣達,sii,Quanta,AI서버/ODM
2021-07,2382,94756709.0,廣達,sii,Quanta,AI서버/ODM
2021-08,2382,84717518.0,廣達,sii,Quanta,AI서버/ODM
2021-09,2382,82114318.0,廣達,sii,Quanta,AI서버/ODM
2021-10,2382,100643704.0,廣達,sii,Quanta,AI서버/ODM
2021-11,2382,113245197.0,廣達,sii,Quanta,AI서버/ODM
2021-12,2382,124746019.0,廣達,sii,Quanta,AI서버/ODM
2022-01,2382,100800443.0,廣達,sii,Quanta,AI서버/ODM
2022-02,2382,90692342.0,廣達,sii,Quanta,AI서버/ODM
2022-03,2382,110288470.0,廣達,sii,Quanta,AI서버/ODM
2022-04,2382,66728103.0,廣達,sii,Quanta,AI서버/ODM
2022-05,2382,79955154.0,廣達,sii,Quanta,AI서버/ODM
2022-06,2382,123784105.0,廣達,sii,Quanta,AI서버/ODM
2022-07,2382,129459679.0,廣達,sii,Quanta,AI서버/ODM
2022-08,2382,131869030.0,廣達,sii,Quanta,AI서버/ODM
2022-09,2382,120746508.0,廣達,sii,Quanta,AI서버/ODM
2022-10,2382,108790516.0,廣達,sii,Quanta,AI서버/ODM
2022-11,2382,112096960.0,廣達,sii,Quanta,AI서버/ODM
2022-12,2382,106329239.0,廣達,sii,Quanta,AI서버/ODM
2023-01,2382,90070736.0,廣達,sii,Quanta,AI서버/ODM
2023-02,2382,83351194.0,廣達,sii,Quanta,AI서버/ODM
2023-03,2382,92759020.0,廣達,sii,Quanta,AI서버/ODM
2023-04,2382,77840570.0,廣達,sii,Quanta,AI서버/ODM
2023-05,2382,77011355.0,廣達,sii,Quanta,AI서버/ODM
2023-06,2382,90177487.0,廣達,sii,Quanta,AI서버/ODM
2023-07,2382,86891131.0,廣達,sii,Quanta,AI서버/ODM
2023-08,2382,101355120.0,廣達,sii,Quanta,AI서버/ODM
2023-09,2382,98258338.0,廣達,sii,Quanta,AI서버/ODM
2023-10,2382,91392610.0,廣達,sii,Quanta,AI서버/ODM
2023-11,2382,103600595.0,廣達,sii,Quanta,AI서버/ODM
2023-12,2382,92902893.0,廣達,sii,Quanta,AI서버/ODM
2024-01,2382,72936574.0,廣達,sii,Quanta,AI서버/ODM
2024-02,2382,84293471.0,廣達,sii,Quanta,AI서버/ODM
2024-03,2382,101709333.0,廣達,sii,Quanta,AI서버/ODM
2024-04,2382,97337441.0,廣達,sii,Quanta,AI서버/ODM
2024-05,2382,101298511.0,廣達,sii,Quanta,AI서버/ODM
2024-06,2382,111318180.0,廣達,sii,Quanta,AI서버/ODM
2024-07,2382,124262620.0,廣達,sii,Quanta,AI서버/ODM
2024-08,2382,145176833.0,廣達,sii,Quanta,AI서버/ODM
2024-09,2382,155109787.0,廣達,sii,Quanta,AI서버/ODM
2024-10,2382,135893235.0,廣達,sii,Quanta,AI서버/ODM
2024-11,2382,141353606.0,廣達,sii,Quanta,AI서버/ODM
2024-12,2382,138415569.0,廣達,sii,Quanta,AI서버/ODM
2025-01,2382,142560447.0,廣達,sii,Quanta,AI서버/ODM
2025-02,2382,150564741.0,廣達,sii,Quanta,AI서버/ODM
2025-03,2382,192546802.0,廣達,sii,Quanta,AI서버/ODM
2025-04,2382,154010874.0,廣達,sii,Quanta,AI서버/ODM
2025-05,2382,160242327.0,廣達,sii,Quanta,AI서버/ODM
2025-06,2382,189868451.0,廣達,sii,Quanta,AI서버/ODM
2025-07,2382,158342022.0,廣達,sii,Quanta,AI서버/ODM
2025-08,2382,152807846.0,廣達,sii,Quanta,AI서버/ODM
2025-09,2382,184108513.0,廣達,sii,Quanta,AI서버/ODM
2025-10,2382,173195793.0,廣達,sii,Quanta,AI서버/ODM
2025-11,2382,192946811.0,廣達,sii,Quanta,AI서버/ODM
2025-12,2382,272494820.0,廣達,sii,Quanta,AI서버/ODM
2026-01,2382,230834858.0,廣達,sii,Quanta,AI서버/ODM
2026-02,2382,215583149.0,廣達,sii,Quanta,AI서버/ODM
2026-03,2382,362803048.0,廣達,sii,Quanta,AI서버/ODM
2026-04,2382,339921315.0,廣達,sii,Quanta,AI서버/ODM
2026-05,2382,311481017.0,廣達,sii,Quanta,AI서버/ODM
2018-12,2408,4828971.0,南亞科,sii,Nanya Tech,메모리(DRAM)
2019-01,2408,4258227.0,南亞科,sii,Nanya Tech,메모리(DRAM)
2019-02,2408,3394786.0,南亞科,sii,Nanya Tech,메모리(DRAM)
2019-03,2408,3718792.0,南亞科,sii,Nanya Tech,메모리(DRAM)
2019-04,2408,4110913.0,南亞科,sii,Nanya Tech,메모리(DRAM)
2019-05,2408,4244222.0,南亞科,sii,Nanya Tech,메모리(DRAM)
2019-06,2408,4085655.0,南亞科,sii,Nanya Tech,메모리(DRAM)
2019-07,2408,4575989.0,南亞科,sii,Nanya Tech,메모리(DRAM)
2019-08,2408,5222016.0,南亞科,sii,Nanya Tech,메모리(DRAM)
2019-09,2408,5001349.0,南亞科,sii,Nanya Tech,메모리(DRAM)
2019-10,2408,4522071.0,南亞科,sii,Nanya Tech,메모리(DRAM)
2019-11,2408,4262907.0,南亞科,sii,Nanya Tech,메모리(DRAM)
2019-12,2408,4330531.0,南亞科,sii,Nanya Tech,메모리(DRAM)
2020-01,2408,4500238.0,南亞科,sii,Nanya Tech,메모리(DRAM)
2020-02,2408,4563039.0,南亞科,sii,Nanya Tech,메모리(DRAM)
2020-03,2408,5355593.0,南亞科,sii,Nanya Tech,메모리(DRAM)
2020-04,2408,5619678.0,南亞科,sii,Nanya Tech,메모리(DRAM)
2020-05,2408,5549926.0,南亞科,sii,Nanya Tech,메모리(DRAM)
2020-06,2408,5319753.0,南亞科,sii,Nanya Tech,메모리(DRAM)
2020-07,2408,4906905.0,南亞科,sii,Nanya Tech,메모리(DRAM)
2020-08,2408,4870327.0,南亞科,sii,Nanya Tech,메모리(DRAM)
2020-09,2408,5546635.0,南亞科,sii,Nanya Tech,메모리(DRAM)
2020-10,2408,4798034.0,南亞科,sii,Nanya Tech,메모리(DRAM)
2020-11,2408,4898221.0,南亞科,sii,Nanya Tech,메모리(DRAM)
2020-12,2408,5077165.0,南亞科,sii,Nanya Tech,메모리(DRAM)
2021-01,2408,5532161.0,南亞科,sii,Nanya Tech,메모리(DRAM)
2021-02,2408,5790836.0,南亞科,sii,Nanya Tech,메모리(DRAM)
2021-03,2408,6407616.0,南亞科,sii,Nanya Tech,메모리(DRAM)
2021-04,2408,7394273.0,南亞科,sii,Nanya Tech,메모리(DRAM)
2021-05,2408,7604264.0,南亞科,sii,Nanya Tech,메모리(DRAM)
2021-06,2408,7638931.0,南亞科,sii,Nanya Tech,메모리(DRAM)
2021-07,2408,7950469.0,南亞科,sii,Nanya Tech,메모리(DRAM)
2021-08,2408,8209899.0,南亞科,sii,Nanya Tech,메모리(DRAM)
2021-09,2408,7676760.0,南亞科,sii,Nanya Tech,메모리(DRAM)
2021-10,2408,7205480.0,南亞科,sii,Nanya Tech,메모리(DRAM)
2021-11,2408,7256877.0,南亞科,sii,Nanya Tech,메모리(DRAM)
2021-12,2408,6936592.0,南亞科,sii,Nanya Tech,메모리(DRAM)
2022-01,2408,6772211.0,南亞科,sii,Nanya Tech,메모리(DRAM)
2022-02,2408,6433273.0,南亞科,sii,Nanya Tech,메모리(DRAM)
2022-03,2408,6740841.0,南亞科,sii,Nanya Tech,메모리(DRAM)
2022-04,2408,6598295.0,南亞科,sii,Nanya Tech,메모리(DRAM)
2022-05,2408,6197459.0,南亞科,sii,Nanya Tech,메모리(DRAM)
2022-06,2408,5234918.0,南亞科,sii,Nanya Tech,메모리(DRAM)
2022-07,2408,4396393.0,南亞科,sii,Nanya Tech,메모리(DRAM)
2022-08,2408,3419118.0,南亞科,sii,Nanya Tech,메모리(DRAM)
2022-09,2408,3206214.0,南亞科,sii,Nanya Tech,메모리(DRAM)
2022-10,2408,2782167.0,南亞科,sii,Nanya Tech,메모리(DRAM)
2022-11,2408,2771137.0,南亞科,sii,Nanya Tech,메모리(DRAM)
2022-12,2408,2400249.0,南亞科,sii,Nanya Tech,메모리(DRAM)
2023-01,2408,2251364.0,南亞科,sii,Nanya Tech,메모리(DRAM)
2023-02,2408,2026426.0,南亞科,sii,Nanya Tech,메모리(DRAM)
2023-03,2408,2147093.0,南亞科,sii,Nanya Tech,메모리(DRAM)
2023-04,2408,2260020.0,南亞科,sii,Nanya Tech,메모리(DRAM)
2023-05,2408,2309037.0,南亞科,sii,Nanya Tech,메모리(DRAM)
2023-06,2408,2458014.0,南亞科,sii,Nanya Tech,메모리(DRAM)
2023-07,2408,2437193.0,南亞科,sii,Nanya Tech,메모리(DRAM)
2023-08,2408,2574894.0,南亞科,sii,Nanya Tech,메모리(DRAM)
2023-09,2408,2724287.0,南亞科,sii,Nanya Tech,메모리(DRAM)
2023-10,2408,2668030.0,南亞科,sii,Nanya Tech,메모리(DRAM)
2023-11,2408,2874000.0,南亞科,sii,Nanya Tech,메모리(DRAM)
2023-12,2408,3161948.0,南亞科,sii,Nanya Tech,메모리(DRAM)
2024-01,2408,3060645.0,南亞科,sii,Nanya Tech,메모리(DRAM)
2024-02,2408,3050934.0,南亞科,sii,Nanya Tech,메모리(DRAM)
2024-03,2408,3391358.0,南亞科,sii,Nanya Tech,메모리(DRAM)
2024-04,2408,3206471.0,南亞科,sii,Nanya Tech,메모리(DRAM)
2024-05,2408,3351375.0,南亞科,sii,Nanya Tech,메모리(DRAM)
2024-06,2408,3363197.0,南亞科,sii,Nanya Tech,메모리(DRAM)
2024-07,2408,2745416.0,南亞科,sii,Nanya Tech,메모리(DRAM)
2024-08,2408,2802250.0,南亞科,sii,Nanya Tech,메모리(DRAM)
2024-09,2408,2584927.0,南亞科,sii,Nanya Tech,메모리(DRAM)
2024-10,2408,2182240.0,南亞科,sii,Nanya Tech,메모리(DRAM)
2024-11,2408,2187326.0,南亞科,sii,Nanya Tech,메모리(DRAM)
2024-12,2408,2205531.0,南亞科,sii,Nanya Tech,메모리(DRAM)
2025-01,2408,2162373.0,南亞科,sii,Nanya Tech,메모리(DRAM)
2025-02,2408,2272734.0,南亞科,sii,Nanya Tech,메모리(DRAM)
2025-03,2408,2752833.0,南亞科,sii,Nanya Tech,메모리(DRAM)
2025-04,2408,3118820.0,南亞科,sii,Nanya Tech,메모리(DRAM)
2025-05,2408,3333121.0,南亞科,sii,Nanya Tech,메모리(DRAM)
2025-06,2408,4074153.0,南亞科,sii,Nanya Tech,메모리(DRAM)
2025-07,2408,5352227.0,南亞科,sii,Nanya Tech,메모리(DRAM)
2025-08,2408,6762501.0,南亞科,sii,Nanya Tech,메모리(DRAM)
2025-09,2408,6664140.0,南亞科,sii,Nanya Tech,메모리(DRAM)
2025-10,2408,7907729.0,南亞科,sii,Nanya Tech,메모리(DRAM)
2025-11,2408,10168737.0,南亞科,sii,Nanya Tech,메모리(DRAM)
2025-12,2408,12017152.0,南亞科,sii,Nanya Tech,메모리(DRAM)
2026-01,2408,15309988.0,南亞科,sii,Nanya Tech,메모리(DRAM)
2026-02,2408,15607184.0,南亞科,sii,Nanya Tech,메모리(DRAM)
2026-03,2408,18169760.0,南亞科,sii,Nanya Tech,메모리(DRAM)
2026-04,2408,25491201.0,南亞科,sii,Nanya Tech,메모리(DRAM)
2026-05,2408,27669563.0,南亞科,sii,Nanya Tech,메모리(DRAM)
2018-12,2454,21387117.0,聯發科,sii,MediaTek,팹리스
2019-01,2454,16242046.0,聯發科,sii,MediaTek,팹리스
2019-02,2454,14161182.0,聯發科,sii,MediaTek,팹리스
2019-03,2454,22318664.0,聯發科,sii,MediaTek,팹리스
2019-04,2454,21553235.0,聯發科,sii,MediaTek,팹리스
2019-05,2454,19120819.0,聯發科,sii,MediaTek,팹리스
2019-06,2454,20893052.0,聯發科,sii,MediaTek,팹리스
2019-07,2454,20687841.0,聯發科,sii,MediaTek,팹리스
2019-08,2454,23043007.0,聯發科,sii,MediaTek,팹리스
2019-09,2454,23493506.0,聯發科,sii,MediaTek,팹리스
2019-10,2454,22002624.0,聯發科,sii,MediaTek,팹리스
2019-11,2454,20616426.0,聯發科,sii,MediaTek,팹리스
2019-12,2454,22089329.0,聯發科,sii,MediaTek,팹리스
2020-01,2454,19817777.0,聯發科,sii,MediaTek,팹리스
2020-02,2454,18220837.0,聯發科,sii,MediaTek,팹리스
2020-03,2454,22824361.0,聯發科,sii,MediaTek,팹리스
2020-04,2454,20545910.0,聯發科,sii,MediaTek,팹리스
2020-05,2454,21777663.0,聯發科,sii,MediaTek,팹리스
2020-06,2454,25279480.0,聯發科,sii,MediaTek,팹리스
2020-07,2454,26692397.0,聯發科,sii,MediaTek,팹리스
2020-08,2454,32716126.0,聯發科,sii,MediaTek,팹리스
2020-09,2454,37866211.0,聯發科,sii,MediaTek,팹리스
2020-10,2454,30438836.0,聯發科,sii,MediaTek,팹리스
2020-11,2454,33537766.0,聯發科,sii,MediaTek,팹리스
2020-12,2454,32428624.0,聯發科,sii,MediaTek,팹리스
2021-01,2454,35333330.0,聯發科,sii,MediaTek,팹리스
2021-02,2454,32552975.0,聯發科,sii,MediaTek,팹리스
2021-03,2454,40146677.0,聯發科,sii,MediaTek,팹리스
2021-04,2454,36571590.0,聯發科,sii,MediaTek,팹리스
2021-05,2454,41325915.0,聯發科,sii,MediaTek,팹리스
2021-06,2454,47755898.0,聯發科,sii,MediaTek,팹리스
2021-07,2454,40359813.0,聯發科,sii,MediaTek,팹리스
2021-08,2454,42808189.0,聯發科,sii,MediaTek,팹리스
2021-09,2454,47906318.0,聯發科,sii,MediaTek,팹리스
2021-10,2454,37412195.0,聯發科,sii,MediaTek,팹리스
2021-11,2454,45039216.0,聯發科,sii,MediaTek,팹리스
2021-12,2454,46202466.0,聯發科,sii,MediaTek,팹리스
2022-01,2454,43502342.0,聯發科,sii,MediaTek,팹리스
2022-02,2454,40028948.0,聯發科,sii,MediaTek,팹리스
2022-03,2454,59179559.0,聯發科,sii,MediaTek,팹리스
2022-04,2454,52624634.0,聯發科,sii,MediaTek,팹리스
2022-05,2454,52076120.0,聯發科,sii,MediaTek,팹리스
2022-06,2454,51029067.0,聯發科,sii,MediaTek,팹리스
2022-07,2454,40890418.0,聯發科,sii,MediaTek,팹리스
2022-08,2454,44699654.0,聯發科,sii,MediaTek,팹리스
2022-09,2454,56571204.0,聯發科,sii,MediaTek,팹리스
2022-10,2454,33384225.0,聯發科,sii,MediaTek,팹리스
2022-11,2454,36124647.0,聯發科,sii,MediaTek,팹리스
2022-12,2454,38685212.0,聯發科,sii,MediaTek,팹리스
2023-01,2454,22383397.0,聯發科,sii,MediaTek,팹리스
2023-02,2454,30309642.0,聯發科,sii,MediaTek,팹리스
2023-03,2454,42958473.0,聯發科,sii,MediaTek,팹리스
2023-04,2454,28349722.0,聯發科,sii,MediaTek,팹리스
2023-05,2454,31566805.0,聯發科,sii,MediaTek,팹리스
2023-06,2454,38218758.0,聯發科,sii,MediaTek,팹리스
2023-07,2454,31763135.0,聯發科,sii,MediaTek,팹리스
2023-08,2454,42256360.0,聯發科,sii,MediaTek,팹리스
2023-09,2454,36078033.0,聯發科,sii,MediaTek,팹리스
2023-10,2454,42810847.0,聯發科,sii,MediaTek,팹리스
2023-11,2454,43071172.0,聯發科,sii,MediaTek,팹리스
2023-12,2454,43679986.0,聯發科,sii,MediaTek,팹리스
2024-01,2454,44496290.0,聯發科,sii,MediaTek,팹리스
2024-02,2454,38481870.0,聯發科,sii,MediaTek,팹리스
2024-03,2454,50479987.0,聯發科,sii,MediaTek,팹리스
2024-04,2454,42027887.0,聯發科,sii,MediaTek,팹리스
2024-05,2454,42151178.0,聯發科,sii,MediaTek,팹리스
2024-06,2454,43092056.0,聯發科,sii,MediaTek,팹리스
2024-07,2454,45609723.0,聯發科,sii,MediaTek,팹리스
2024-08,2454,41527835.0,聯發科,sii,MediaTek,팹리스
2024-09,2454,44675936.0,聯發科,sii,MediaTek,팹리스
2024-10,2454,51117348.0,聯發科,sii,MediaTek,팹리스
2024-11,2454,45242346.0,聯發科,sii,MediaTek,팹리스
2024-12,2454,41683430.0,聯發科,sii,MediaTek,팹리스
2025-01,2454,51144288.0,聯發科,sii,MediaTek,팹리스
2025-02,2454,46171723.0,聯發科,sii,MediaTek,팹리스
2025-03,2454,55996226.0,聯發科,sii,MediaTek,팹리스
2025-04,2454,48754424.0,聯發科,sii,MediaTek,팹리스
2025-05,2454,45180526.0,聯發科,sii,MediaTek,팹리스
2025-06,2454,56433621.0,聯發科,sii,MediaTek,팹리스
2025-07,2454,43220164.0,聯發科,sii,MediaTek,팹리스
2025-08,2454,44546643.0,聯發科,sii,MediaTek,팹리스
2025-09,2454,54330057.0,聯發科,sii,MediaTek,팹리스
2025-10,2454,52026251.0,聯發科,sii,MediaTek,팹리스
2025-11,2454,46895680.0,聯發科,sii,MediaTek,팹리스
2025-12,2454,51266079.0,聯發科,sii,MediaTek,팹리스
2026-01,2454,46977055.0,聯發科,sii,MediaTek,팹리스
2026-02,2454,38954271.0,聯發科,sii,MediaTek,팹리스
2026-03,2454,63219184.0,聯發科,sii,MediaTek,팹리스
2026-04,2454,46736664.0,聯發科,sii,MediaTek,팹리스
2026-05,2454,47434191.0,聯發科,sii,MediaTek,팹리스
2018-12,3008,3226615.0,大立光,sii,Largan,광학
2019-01,3008,3346531.0,大立光,sii,Largan,광학
2019-02,3008,2532450.0,大立光,sii,Largan,광학
2019-03,3008,3925899.0,大立光,sii,Largan,광학
2019-04,3008,5008700.0,大立光,sii,Largan,광학
2019-05,3008,5026964.0,大立光,sii,Largan,광학
2019-06,3008,4075854.0,大立光,sii,Largan,광학
2019-07,3008,5473225.0,大立光,sii,Largan,광학
2019-08,3008,6476246.0,大立光,sii,Largan,광학
2019-09,3008,6595863.0,大立光,sii,Largan,광학
2019-10,3008,6625612.0,大立光,sii,Largan,광학
2019-11,3008,6655996.0,大立光,sii,Largan,광학
2019-12,3008,5099378.0,大立光,sii,Largan,광학
2020-01,3008,4110169.0,大立光,sii,Largan,광학
2020-02,3008,3672912.0,大立光,sii,Largan,광학
2020-03,3008,5444235.0,大立光,sii,Largan,광학
2020-04,3008,4683100.0,大立光,sii,Largan,광학
2020-05,3008,3866021.0,大立光,sii,Largan,광학
2020-06,3008,4136186.0,大立光,sii,Largan,광학
2020-07,3008,4612265.0,大立光,sii,Largan,광학
2020-08,3008,5024595.0,大立光,sii,Largan,광학
2020-09,3008,5124654.0,大立光,sii,Largan,광학
2020-10,3008,5137815.0,大立光,sii,Largan,광학
2020-11,3008,5243639.0,大立光,sii,Largan,광학
2020-12,3008,4910911.0,大立光,sii,Largan,광학
2021-01,3008,4607376.0,大立光,sii,Largan,광학
2021-02,3008,3212644.0,大立光,sii,Largan,광학
2021-03,3008,4010541.0,大立光,sii,Largan,광학
2021-04,3008,3398663.0,大立光,sii,Largan,광학
2021-05,3008,3358902.0,大立光,sii,Largan,광학
2021-06,3008,3370651.0,大立光,sii,Largan,광학
2021-07,3008,3803311.0,大立光,sii,Largan,광학
2021-08,3008,4011935.0,大立光,sii,Largan,광학
2021-09,3008,4172183.0,大立光,sii,Largan,광학
2021-10,3008,4203117.0,大立光,sii,Largan,광학
2021-11,3008,4351997.0,大立光,sii,Largan,광학
2021-12,3008,4502016.0,大立光,sii,Largan,광학
2022-01,3008,3729465.0,大立光,sii,Largan,광학
2022-02,3008,2608555.0,大立光,sii,Largan,광학
2022-03,3008,3756153.0,大立光,sii,Largan,광학
2022-04,3008,3127928.0,大立光,sii,Largan,광학
2022-05,3008,3147587.0,大立光,sii,Largan,광학
2022-06,3008,3393175.0,大立光,sii,Largan,광학
2022-07,3008,3885328.0,大立光,sii,Largan,광학
2022-08,3008,4441781.0,大立光,sii,Largan,광학
2022-09,3008,5102922.0,大立光,sii,Largan,광학
2022-10,3008,5212690.0,大立光,sii,Largan,광학
2022-11,3008,5230674.0,大立光,sii,Largan,광학
2022-12,3008,4015226.0,大立光,sii,Largan,광학
2023-01,3008,3262688.0,大立光,sii,Largan,광학
2023-02,3008,2565337.0,大立光,sii,Largan,광학
2023-03,3008,3308723.0,大立光,sii,Largan,광학
2023-04,3008,2870180.0,大立光,sii,Largan,광학
2023-05,3008,2626962.0,大立光,sii,Largan,광학
2023-06,3008,2696196.0,大立光,sii,Largan,광학
2023-07,3008,3489070.0,大立光,sii,Largan,광학
2023-08,3008,4545358.0,大立光,sii,Largan,광학
2023-09,3008,5572471.0,大立光,sii,Largan,광학
2023-10,3008,6326443.0,大立光,sii,Largan,광학
2023-11,3008,6790134.0,大立光,sii,Largan,광학
2023-12,3008,4781361.0,大立光,sii,Largan,광학
2024-01,3008,4467116.0,大立光,sii,Largan,광학
2024-02,3008,3387453.0,大立光,sii,Largan,광학
2024-03,3008,3451376.0,大立光,sii,Largan,광학
2024-04,3008,3457630.0,大立光,sii,Largan,광학
2024-05,3008,3486264.0,大立光,sii,Largan,광학
2024-06,3008,4041287.0,大立光,sii,Largan,광학
2024-07,3008,5434779.0,大立光,sii,Largan,광학
2024-08,3008,7018386.0,大立光,sii,Largan,광학
2024-09,3008,6523997.0,大立光,sii,Largan,광학
2024-10,3008,6546847.0,大立光,sii,Largan,광학
2024-11,3008,6012336.0,大立光,sii,Largan,광학
2024-12,3008,5636008.0,大立光,sii,Largan,광학
2025-01,3008,4947585.0,大立光,sii,Largan,광학
2025-02,3008,4734719.0,大立光,sii,Largan,광학
2025-03,3008,4892942.0,大立光,sii,Largan,광학
2025-04,3008,4374813.0,大立光,sii,Largan,광학
2025-05,3008,3238222.0,大立光,sii,Largan,광학
2025-06,3008,4145868.0,大立光,sii,Largan,광학
2025-07,3008,5413207.0,大立光,sii,Largan,광학
2025-08,3008,5968004.0,大立光,sii,Largan,광학
2025-09,3008,6235248.0,大立光,sii,Largan,광학
2025-10,3008,6260810.0,大立光,sii,Largan,광학
2025-11,3008,5302915.0,大立光,sii,Largan,광학
2025-12,3008,5617058.0,大立光,sii,Largan,광학
2026-01,3008,5498867.0,大立光,sii,Largan,광학
2026-02,3008,4613227.0,大立光,sii,Largan,광학
2026-03,3008,5419732.0,大立光,sii,Largan,광학
2026-04,3008,5362271.0,大立光,sii,Largan,광학
2026-05,3008,4592691.0,大立光,sii,Largan,광학
2018-12,3034,5105147.0,聯詠,sii,Novatek,팹리스
2019-01,3034,5118504.0,聯詠,sii,Novatek,팹리스
2019-02,3034,4616286.0,聯詠,sii,Novatek,팹리스
2019-03,3034,5211646.0,聯詠,sii,Novatek,팹리스
2019-04,3034,5520124.0,聯詠,sii,Novatek,팹리스
2019-05,3034,5590683.0,聯詠,sii,Novatek,팹리스
2019-06,3034,5193960.0,聯詠,sii,Novatek,팹리스
2019-07,3034,5413734.0,聯詠,sii,Novatek,팹리스
2019-08,3034,5567553.0,聯詠,sii,Novatek,팹리스
2019-09,3034,5614106.0,聯詠,sii,Novatek,팹리스
2019-10,3034,5635006.0,聯詠,sii,Novatek,팹리스
2019-11,3034,5484492.0,聯詠,sii,Novatek,팹리스
2019-12,3034,5406212.0,聯詠,sii,Novatek,팹리스
2020-01,3034,5619245.0,聯詠,sii,Novatek,팹리스
2020-02,3034,5459987.0,聯詠,sii,Novatek,팹리스
2020-03,3034,5811922.0,聯詠,sii,Novatek,팹리스
2020-04,3034,6544234.0,聯詠,sii,Novatek,팹리스
2020-05,3034,6212160.0,聯詠,sii,Novatek,팹리스
2020-06,3034,5853894.0,聯詠,sii,Novatek,팹리스
2020-07,3034,6743704.0,聯詠,sii,Novatek,팹리스
2020-08,3034,7283388.0,聯詠,sii,Novatek,팹리스
2020-09,3034,7974144.0,聯詠,sii,Novatek,팹리스
2020-10,3034,7567730.0,聯詠,sii,Novatek,팹리스
2020-11,3034,7578960.0,聯詠,sii,Novatek,팹리스
2020-12,3034,7306153.0,聯詠,sii,Novatek,팹리스
2021-01,3034,8122309.0,聯詠,sii,Novatek,팹리스
2021-02,3034,8714832.0,聯詠,sii,Novatek,팹리스
2021-03,3034,9529374.0,聯詠,sii,Novatek,팹리스
2021-04,3034,11083873.0,聯詠,sii,Novatek,팹리스
2021-05,3034,11447855.0,聯詠,sii,Novatek,팹리스
2021-06,3034,11579574.0,聯詠,sii,Novatek,팹리스
2021-07,3034,12499127.0,聯詠,sii,Novatek,팹리스
2021-08,3034,12914781.0,聯詠,sii,Novatek,팹리스
2021-09,3034,12931679.0,聯詠,sii,Novatek,팹리스
2021-10,3034,12591214.0,聯詠,sii,Novatek,팹리스
2021-11,3034,12066865.0,聯詠,sii,Novatek,팹리스
2021-12,3034,11884027.0,聯詠,sii,Novatek,팹리스
2022-01,3034,12317273.0,聯詠,sii,Novatek,팹리스
2022-02,3034,11724693.0,聯詠,sii,Novatek,팹리스
2022-03,3034,12469719.0,聯詠,sii,Novatek,팹리스
2022-04,3034,12319563.0,聯詠,sii,Novatek,팹리스
2022-05,3034,10983507.0,聯詠,sii,Novatek,팹리스
2022-06,3034,8158072.0,聯詠,sii,Novatek,팹리스
2022-07,3034,6865719.0,聯詠,sii,Novatek,팹리스
2022-08,3034,6527191.0,聯詠,sii,Novatek,팹리스
2022-09,3034,6170776.0,聯詠,sii,Novatek,팹리스
2022-10,3034,6872497.0,聯詠,sii,Novatek,팹리스
2022-11,3034,7778774.0,聯詠,sii,Novatek,팹리스
2022-12,3034,7768890.0,聯詠,sii,Novatek,팹리스
2023-01,3034,7223448.0,聯詠,sii,Novatek,팹리스
2023-02,3034,7641447.0,聯詠,sii,Novatek,팹리스
2023-03,3034,9180987.0,聯詠,sii,Novatek,팹리스
2023-04,3034,9961365.0,聯詠,sii,Novatek,팹리스
2023-05,3034,10225236.0,聯詠,sii,Novatek,팹리스
2023-06,3034,10112428.0,聯詠,sii,Novatek,팹리스
2023-07,3034,9675040.0,聯詠,sii,Novatek,팹리스
2023-08,3034,9694234.0,聯詠,sii,Novatek,팹리스
2023-09,3034,9560688.0,聯詠,sii,Novatek,팹리스
2023-10,3034,9525678.0,聯詠,sii,Novatek,팹리스
2023-11,3034,8948713.0,聯詠,sii,Novatek,팹리스
2023-12,3034,8679433.0,聯詠,sii,Novatek,팹리스
2024-01,3034,8719770.0,聯詠,sii,Novatek,팹리스
2024-02,3034,7132911.0,聯詠,sii,Novatek,팹리스
2024-03,3034,8575205.0,聯詠,sii,Novatek,팹리스
2024-04,3034,8329076.0,聯詠,sii,Novatek,팹리스
2024-05,3034,8438693.0,聯詠,sii,Novatek,팹리스
2024-06,3034,8463250.0,聯詠,sii,Novatek,팹리스
2024-07,3034,9267960.0,聯詠,sii,Novatek,팹리스
2024-08,3034,9680155.0,聯詠,sii,Novatek,팹리스
2024-09,3034,8918212.0,聯詠,sii,Novatek,팹리스
2024-10,3034,8522705.0,聯詠,sii,Novatek,팹리스
2024-11,3034,8212667.0,聯詠,sii,Novatek,팹리스
2024-12,3034,8527147.0,聯詠,sii,Novatek,팹리스
2025-01,3034,8480869.0,聯詠,sii,Novatek,팹리스
2025-02,3034,9267233.0,聯詠,sii,Novatek,팹리스
2025-03,3034,9372100.0,聯詠,sii,Novatek,팹리스
2025-04,3034,9119463.0,聯詠,sii,Novatek,팹리스
2025-05,3034,8607337.0,聯詠,sii,Novatek,팹리스
2025-06,3034,8425263.0,聯詠,sii,Novatek,팹리스
2025-07,3034,8120418.0,聯詠,sii,Novatek,팹리스
2025-08,3034,8174953.0,聯詠,sii,Novatek,팹리스
2025-09,3034,8278299.0,聯詠,sii,Novatek,팹리스
2025-10,3034,7878870.0,聯詠,sii,Novatek,팹리스
2025-11,3034,7618617.0,聯詠,sii,Novatek,팹리스
2025-12,3034,7319722.0,聯詠,sii,Novatek,팹리스
2026-01,3034,7617321.0,聯詠,sii,Novatek,팹리스
2026-02,3034,7059376.0,聯詠,sii,Novatek,팹리스
2026-03,3034,8468607.0,聯詠,sii,Novatek,팹리스
2026-04,3034,9225016.0,聯詠,sii,Novatek,팹리스
2026-05,3034,9412486.0,聯詠,sii,Novatek,팹리스
2018-12,3105,1427799.0,穩懋,otc,WIN Semi,화합물반도체
2019-01,3105,1256976.0,穩懋,otc,WIN Semi,화합물반도체
2019-02,3105,1103788.0,穩懋,otc,WIN Semi,화합물반도체
2019-03,3105,1249429.0,穩懋,otc,WIN Semi,화합물반도체
2019-04,3105,1282531.0,穩懋,otc,WIN Semi,화합물반도체
2019-05,3105,1393834.0,穩懋,otc,WIN Semi,화합물반도체
2019-06,3105,1776609.0,穩懋,otc,WIN Semi,화합물반도체
2019-07,3105,2004574.0,穩懋,otc,WIN Semi,화합물반도체
2019-08,3105,2086961.0,穩懋,otc,WIN Semi,화합물반도체
2019-09,3105,2291790.0,穩懋,otc,WIN Semi,화합물반도체
2019-10,3105,2323504.0,穩懋,otc,WIN Semi,화합물반도체
2019-11,3105,2289060.0,穩懋,otc,WIN Semi,화합물반도체
2019-12,3105,2291313.0,穩懋,otc,WIN Semi,화합물반도체
2020-01,3105,2017062.0,穩懋,otc,WIN Semi,화합물반도체
2020-02,3105,1964205.0,穩懋,otc,WIN Semi,화합물반도체
2020-03,3105,2079356.0,穩懋,otc,WIN Semi,화합물반도체
2020-04,3105,2013550.0,穩懋,otc,WIN Semi,화합물반도체
2020-05,3105,1985026.0,穩懋,otc,WIN Semi,화합물반도체
2020-06,3105,2003367.0,穩懋,otc,WIN Semi,화합물반도체
2020-07,3105,2073991.0,穩懋,otc,WIN Semi,화합물반도체
2020-08,3105,2194494.0,穩懋,otc,WIN Semi,화합물반도체
2020-09,3105,2218938.0,穩懋,otc,WIN Semi,화합물반도체
2020-10,3105,2239985.0,穩懋,otc,WIN Semi,화합물반도체
2020-11,3105,2277537.0,穩懋,otc,WIN Semi,화합물반도체
2020-12,3105,2299748.0,穩懋,otc,WIN Semi,화합물반도체
2021-01,3105,2105251.0,穩懋,otc,WIN Semi,화합물반도체
2021-02,3105,1907030.0,穩懋,otc,WIN Semi,화합물반도체
2021-03,3105,1988936.0,穩懋,otc,WIN Semi,화합물반도체
2021-04,3105,2024120.0,穩懋,otc,WIN Semi,화합물반도체
2021-05,3105,2060141.0,穩懋,otc,WIN Semi,화합물반도체
2021-06,3105,2057822.0,穩懋,otc,WIN Semi,화합물반도체
2021-07,3105,2191486.0,穩懋,otc,WIN Semi,화합물반도체
2021-08,3105,2253612.0,穩懋,otc,WIN Semi,화합물반도체
2021-09,3105,2300416.0,穩懋,otc,WIN Semi,화합물반도체
2021-10,3105,2365339.0,穩懋,otc,WIN Semi,화합물반도체
2021-11,3105,2382447.0,穩懋,otc,WIN Semi,화합물반도체
2021-12,3105,2342525.0,穩懋,otc,WIN Semi,화합물반도체
2022-01,3105,1924951.0,穩懋,otc,WIN Semi,화합물반도체
2022-02,3105,1789838.0,穩懋,otc,WIN Semi,화합물반도체
2022-03,3105,1848079.0,穩懋,otc,WIN Semi,화합물반도체
2022-04,3105,1800841.0,穩懋,otc,WIN Semi,화합물반도체
2022-05,3105,1828715.0,穩懋,otc,WIN Semi,화합물반도체
2022-06,3105,1591812.0,穩懋,otc,WIN Semi,화합물반도체
2022-07,3105,1365800.0,穩懋,otc,WIN Semi,화합물반도체
2022-08,3105,1386395.0,穩懋,otc,WIN Semi,화합물반도체
2022-09,3105,1194114.0,穩懋,otc,WIN Semi,화합물반도체
2022-10,3105,1208779.0,穩懋,otc,WIN Semi,화합물반도체
2022-11,3105,1215947.0,穩懋,otc,WIN Semi,화합물반도체
2022-12,3105,1085372.0,穩懋,otc,WIN Semi,화합물반도체
2023-01,3105,872503.0,穩懋,otc,WIN Semi,화합물반도체
2023-02,3105,857650.0,穩懋,otc,WIN Semi,화합물반도체
2023-03,3105,1129405.0,穩懋,otc,WIN Semi,화합물반도체
2023-04,3105,1072905.0,穩懋,otc,WIN Semi,화합물반도체
2023-05,3105,1364865.0,穩懋,otc,WIN Semi,화합물반도체
2023-06,3105,1506124.0,穩懋,otc,WIN Semi,화합물반도체
2023-07,3105,1380580.0,穩懋,otc,WIN Semi,화합물반도체
2023-08,3105,1402836.0,穩懋,otc,WIN Semi,화합물반도체
2023-09,3105,1381594.0,穩懋,otc,WIN Semi,화합물반도체
2023-10,3105,1590381.0,穩懋,otc,WIN Semi,화합물반도체
2023-11,3105,1610421.0,穩懋,otc,WIN Semi,화합물반도체
2023-12,3105,1667234.0,穩懋,otc,WIN Semi,화합물반도체
2024-01,3105,1514003.0,穩懋,otc,WIN Semi,화합물반도체
2024-02,3105,1315488.0,穩懋,otc,WIN Semi,화합물반도체
2024-03,3105,1613349.0,穩懋,otc,WIN Semi,화합물반도체
2024-04,3105,1642260.0,穩懋,otc,WIN Semi,화합물반도체
2024-05,3105,1653217.0,穩懋,otc,WIN Semi,화합물반도체
2024-06,3105,1665949.0,穩懋,otc,WIN Semi,화합물반도체
2024-07,3105,1610948.0,穩懋,otc,WIN Semi,화합물반도체
2024-08,3105,1501179.0,穩懋,otc,WIN Semi,화합물반도체
2024-09,3105,1235694.0,穩懋,otc,WIN Semi,화합물반도체
2024-10,3105,1225676.0,穩懋,otc,WIN Semi,화합물반도체
2024-11,3105,1250441.0,穩懋,otc,WIN Semi,화합물반도체
2024-12,3105,1229948.0,穩懋,otc,WIN Semi,화합물반도체
2025-01,3105,1177334.0,穩懋,otc,WIN Semi,화합물반도체
2025-02,3105,1170381.0,穩懋,otc,WIN Semi,화합물반도체
2025-03,3105,1228088.0,穩懋,otc,WIN Semi,화합물반도체
2025-04,3105,1164676.0,穩懋,otc,WIN Semi,화합물반도체
2025-05,3105,1251261.0,穩懋,otc,WIN Semi,화합물반도체
2025-06,3105,1364461.0,穩懋,otc,WIN Semi,화합물반도체
2025-07,3105,1442357.0,穩懋,otc,WIN Semi,화합물반도체
2025-08,3105,1484003.0,穩懋,otc,WIN Semi,화합물반도체
2025-09,3105,1560931.0,穩懋,otc,WIN Semi,화합물반도체
2025-10,3105,1559396.0,穩懋,otc,WIN Semi,화합물반도체
2025-11,3105,1620599.0,穩懋,otc,WIN Semi,화합물반도체
2025-12,3105,1614459.0,穩懋,otc,WIN Semi,화합물반도체
2026-01,3105,1467701.0,穩懋,otc,WIN Semi,화합물반도체
2026-02,3105,1473703.0,穩懋,otc,WIN Semi,화합물반도체
2026-03,3105,1648656.0,穩懋,otc,WIN Semi,화합물반도체
2026-04,3105,1734086.0,穩懋,otc,WIN Semi,화합물반도체
2026-05,3105,1755488.0,穩懋,otc,WIN Semi,화합물반도체
2018-12,3231,86434425.0,緯創,sii,Wistron,AI서버/ODM
2019-01,3231,75735545.0,緯創,sii,Wistron,AI서버/ODM
2019-02,3231,56850489.0,緯創,sii,Wistron,AI서버/ODM
2019-03,3231,73627766.0,緯創,sii,Wistron,AI서버/ODM
2019-04,3231,63549753.0,緯創,sii,Wistron,AI서버/ODM
2019-05,3231,64472541.0,緯創,sii,Wistron,AI서버/ODM
2019-06,3231,77517579.0,緯創,sii,Wistron,AI서버/ODM
2019-07,3231,66598310.0,緯創,sii,Wistron,AI서버/ODM
2019-08,3231,70065885.0,緯創,sii,Wistron,AI서버/ODM
2019-09,3231,79625642.0,緯創,sii,Wistron,AI서버/ODM
2019-10,3231,79900519.0,緯創,sii,Wistron,AI서버/ODM
2019-11,3231,84176262.0,緯創,sii,Wistron,AI서버/ODM
2019-12,3231,86134836.0,緯創,sii,Wistron,AI서버/ODM
2020-01,3231,60489120.0,緯創,sii,Wistron,AI서버/ODM
2020-02,3231,44862598.0,緯創,sii,Wistron,AI서버/ODM
2020-03,3231,68332849.0,緯創,sii,Wistron,AI서버/ODM
2020-04,3231,66875475.0,緯創,sii,Wistron,AI서버/ODM
2020-05,3231,75316883.0,緯創,sii,Wistron,AI서버/ODM
2020-06,3231,79001974.0,緯創,sii,Wistron,AI서버/ODM
2020-07,3231,78466276.0,緯創,sii,Wistron,AI서버/ODM
2020-08,3231,70012025.0,緯創,sii,Wistron,AI서버/ODM
2020-09,3231,69115242.0,緯創,sii,Wistron,AI서버/ODM
2020-10,3231,72192665.0,緯創,sii,Wistron,AI서버/ODM
2020-11,3231,86817870.0,緯創,sii,Wistron,AI서버/ODM
2020-12,3231,73527923.0,緯創,sii,Wistron,AI서버/ODM
2021-01,3231,58569401.0,緯創,sii,Wistron,AI서버/ODM
2021-02,3231,49477754.0,緯創,sii,Wistron,AI서버/ODM
2021-03,3231,69092011.0,緯創,sii,Wistron,AI서버/ODM
2021-04,3231,68220509.0,緯創,sii,Wistron,AI서버/ODM
2021-05,3231,60974386.0,緯創,sii,Wistron,AI서버/ODM
2021-06,3231,71903891.0,緯創,sii,Wistron,AI서버/ODM
2021-07,3231,67521122.0,緯創,sii,Wistron,AI서버/ODM
2021-08,3231,70278501.0,緯創,sii,Wistron,AI서버/ODM
2021-09,3231,82592571.0,緯創,sii,Wistron,AI서버/ODM
2021-10,3231,80238095.0,緯創,sii,Wistron,AI서버/ODM
2021-11,3231,86203518.0,緯創,sii,Wistron,AI서버/ODM
2021-12,3231,96078329.0,緯創,sii,Wistron,AI서버/ODM
2022-01,3231,66957794.0,緯創,sii,Wistron,AI서버/ODM
2022-02,3231,64629461.0,緯創,sii,Wistron,AI서버/ODM
2022-03,3231,94858526.0,緯創,sii,Wistron,AI서버/ODM
2022-04,3231,68352110.0,緯創,sii,Wistron,AI서버/ODM
2022-05,3231,74337356.0,緯創,sii,Wistron,AI서버/ODM
2022-06,3231,101526536.0,緯創,sii,Wistron,AI서버/ODM
2022-07,3231,79684558.0,緯創,sii,Wistron,AI서버/ODM
2022-08,3231,76876839.0,緯創,sii,Wistron,AI서버/ODM
2022-09,3231,93541711.0,緯創,sii,Wistron,AI서버/ODM
2022-10,3231,78600200.0,緯創,sii,Wistron,AI서버/ODM
2022-11,3231,88603854.0,緯創,sii,Wistron,AI서버/ODM
2022-12,3231,96428739.0,緯創,sii,Wistron,AI서버/ODM
2023-01,3231,54967408.0,緯創,sii,Wistron,AI서버/ODM
2023-02,3231,62066820.0,緯創,sii,Wistron,AI서버/ODM
2023-03,3231,94965979.0,緯創,sii,Wistron,AI서버/ODM
2023-04,3231,62125793.0,緯創,sii,Wistron,AI서버/ODM
2023-05,3231,63328331.0,緯創,sii,Wistron,AI서버/ODM
2023-06,3231,81098600.0,緯創,sii,Wistron,AI서버/ODM
2023-07,3231,67719669.0,緯創,sii,Wistron,AI서버/ODM
2023-08,3231,72891238.0,緯創,sii,Wistron,AI서버/ODM
2023-09,3231,77882364.0,緯創,sii,Wistron,AI서버/ODM
2023-10,3231,78402929.0,緯創,sii,Wistron,AI서버/ODM
2023-11,3231,76435409.0,緯創,sii,Wistron,AI서버/ODM
2023-12,3231,74698087.0,緯創,sii,Wistron,AI서버/ODM
2024-01,3231,67299575.0,緯創,sii,Wistron,AI서버/ODM
2024-02,3231,81097431.0,緯創,sii,Wistron,AI서버/ODM
2024-03,3231,89831083.0,緯創,sii,Wistron,AI서버/ODM
2024-04,3231,72642799.0,緯創,sii,Wistron,AI서버/ODM
2024-05,3231,79501289.0,緯創,sii,Wistron,AI서버/ODM
2024-06,3231,88787165.0,緯創,sii,Wistron,AI서버/ODM
2024-07,3231,86190479.0,緯創,sii,Wistron,AI서버/ODM
2024-08,3231,89820629.0,緯創,sii,Wistron,AI서버/ODM
2024-09,3231,96903570.0,緯創,sii,Wistron,AI서버/ODM
2024-10,3231,96284824.0,緯創,sii,Wistron,AI서버/ODM
2024-11,3231,95242553.0,緯創,sii,Wistron,AI서버/ODM
2024-12,3231,105654212.0,緯創,sii,Wistron,AI서버/ODM
2025-01,3231,90786162.0,緯創,sii,Wistron,AI서버/ODM
2025-02,3231,102714136.0,緯創,sii,Wistron,AI서버/ODM
2025-03,3231,152984771.0,緯創,sii,Wistron,AI서버/ODM
2025-04,3231,133703546.0,緯創,sii,Wistron,AI서버/ODM
2025-05,3231,208405603.0,緯創,sii,Wistron,AI서버/ODM
2025-06,3231,209182302.0,緯創,sii,Wistron,AI서버/ODM
2025-07,3231,191725748.0,緯創,sii,Wistron,AI서버/ODM
2025-08,3231,172642595.0,緯創,sii,Wistron,AI서버/ODM
2025-09,3231,203436940.0,緯創,sii,Wistron,AI서버/ODM
2025-10,3231,185061565.0,緯創,sii,Wistron,AI서버/ODM
2025-11,3231,280624451.0,緯創,sii,Wistron,AI서버/ODM
2025-12,3231,255254817.0,緯創,sii,Wistron,AI서버/ODM
2026-01,3231,228366631.0,緯創,sii,Wistron,AI서버/ODM
2026-02,3231,284893080.0,緯創,sii,Wistron,AI서버/ODM
2026-03,3231,333043315.0,緯創,sii,Wistron,AI서버/ODM
2026-04,3231,283437176.0,緯創,sii,Wistron,AI서버/ODM
2026-05,3231,290183471.0,緯創,sii,Wistron,AI서버/ODM
2018-12,3443,981395.0,創意,sii,GUC,팹리스/ASIC
2019-01,3443,888790.0,創意,sii,GUC,팹리스/ASIC
2019-02,3443,766888.0,創意,sii,GUC,팹리스/ASIC
2019-03,3443,905617.0,創意,sii,GUC,팹리스/ASIC
2019-04,3443,784097.0,創意,sii,GUC,팹리스/ASIC
2019-05,3443,828082.0,創意,sii,GUC,팹리스/ASIC
2019-06,3443,814205.0,創意,sii,GUC,팹리스/ASIC
2019-07,3443,814736.0,創意,sii,GUC,팹리스/ASIC
2019-08,3443,854049.0,創意,sii,GUC,팹리스/ASIC
2019-09,3443,756673.0,創意,sii,GUC,팹리스/ASIC
2019-10,3443,909109.0,創意,sii,GUC,팹리스/ASIC
2019-11,3443,1256029.0,創意,sii,GUC,팹리스/ASIC
2019-12,3443,1131793.0,創意,sii,GUC,팹리스/ASIC
2020-01,3443,871366.0,創意,sii,GUC,팹리스/ASIC
2020-02,3443,1098267.0,創意,sii,GUC,팹리스/ASIC
2020-03,3443,1200234.0,創意,sii,GUC,팹리스/ASIC
2020-04,3443,1077824.0,創意,sii,GUC,팹리스/ASIC
2020-05,3443,930456.0,創意,sii,GUC,팹리스/ASIC
2020-06,3443,918518.0,創意,sii,GUC,팹리스/ASIC
2020-07,3443,935954.0,創意,sii,GUC,팹리스/ASIC
2020-08,3443,1184762.0,創意,sii,GUC,팹리스/ASIC
2020-09,3443,1407806.0,創意,sii,GUC,팹리스/ASIC
2020-10,3443,930002.0,創意,sii,GUC,팹리스/ASIC
2020-11,3443,1026025.0,創意,sii,GUC,팹리스/ASIC
2020-12,3443,1988227.0,創意,sii,GUC,팹리스/ASIC
2021-01,3443,1106465.0,創意,sii,GUC,팹리스/ASIC
2021-02,3443,884804.0,創意,sii,GUC,팹리스/ASIC
2021-03,3443,1320922.0,創意,sii,GUC,팹리스/ASIC
2021-04,3443,1011945.0,創意,sii,GUC,팹리스/ASIC
2021-05,3443,1083197.0,創意,sii,GUC,팹리스/ASIC
2021-06,3443,1205695.0,創意,sii,GUC,팹리스/ASIC
2021-07,3443,1224453.0,創意,sii,GUC,팹리스/ASIC
2021-08,3443,1046434.0,創意,sii,GUC,팹리스/ASIC
2021-09,3443,1313965.0,創意,sii,GUC,팹리스/ASIC
2021-10,3443,1711251.0,創意,sii,GUC,팹리스/ASIC
2021-11,3443,1675424.0,創意,sii,GUC,팹리스/ASIC
2021-12,3443,1523360.0,創意,sii,GUC,팹리스/ASIC
2022-01,3443,1645799.0,創意,sii,GUC,팹리스/ASIC
2022-02,3443,1361366.0,創意,sii,GUC,팹리스/ASIC
2022-03,3443,1507078.0,創意,sii,GUC,팹리스/ASIC
2022-04,3443,1776528.0,創意,sii,GUC,팹리스/ASIC
2022-05,3443,1725349.0,創意,sii,GUC,팹리스/ASIC
2022-06,3443,1878826.0,創意,sii,GUC,팹리스/ASIC
2022-07,3443,1940034.0,創意,sii,GUC,팹리스/ASIC
2022-08,3443,2014285.0,創意,sii,GUC,팹리스/ASIC
2022-09,3443,2107524.0,創意,sii,GUC,팹리스/ASIC
2022-10,3443,2423223.0,創意,sii,GUC,팹리스/ASIC
2022-11,3443,2541800.0,創意,sii,GUC,팹리스/ASIC
2022-12,3443,3117859.0,創意,sii,GUC,팹리스/ASIC
2023-01,3443,2087023.0,創意,sii,GUC,팹리스/ASIC
2023-02,3443,2248822.0,創意,sii,GUC,팹리스/ASIC
2023-03,3443,2192994.0,創意,sii,GUC,팹리스/ASIC
2023-04,3443,2014413.0,創意,sii,GUC,팹리스/ASIC
2023-05,3443,2149206.0,創意,sii,GUC,팹리스/ASIC
2023-06,3443,2423420.0,創意,sii,GUC,팹리스/ASIC
2023-07,3443,2212814.0,創意,sii,GUC,팹리스/ASIC
2023-08,3443,2272257.0,創意,sii,GUC,팹리스/ASIC
2023-09,3443,2324969.0,創意,sii,GUC,팹리스/ASIC
2023-10,3443,2127874.0,創意,sii,GUC,팹리스/ASIC
2023-11,3443,1978714.0,創意,sii,GUC,팹리스/ASIC
2023-12,3443,2208208.0,創意,sii,GUC,팹리스/ASIC
2024-01,3443,1737854.0,創意,sii,GUC,팹리스/ASIC
2024-02,3443,1760131.0,創意,sii,GUC,팹리스/ASIC
2024-03,3443,2192386.0,創意,sii,GUC,팹리스/ASIC
2024-04,3443,1693477.0,創意,sii,GUC,팹리스/ASIC
2024-05,3443,2353184.0,創意,sii,GUC,팹리스/ASIC
2024-06,3443,2673120.0,創意,sii,GUC,팹리스/ASIC
2024-07,3443,2903133.0,創意,sii,GUC,팹리스/ASIC
2024-08,3443,1944750.0,創意,sii,GUC,팹리스/ASIC
2024-09,3443,1763514.0,創意,sii,GUC,팹리스/ASIC
2024-10,3443,1482729.0,創意,sii,GUC,팹리스/ASIC
2024-11,3443,1837436.0,創意,sii,GUC,팹리스/ASIC
2024-12,3443,2702478.0,創意,sii,GUC,팹리스/ASIC
2025-01,3443,2038665.0,創意,sii,GUC,팹리스/ASIC
2025-02,3443,2092746.0,創意,sii,GUC,팹리스/ASIC
2025-03,3443,2892233.0,創意,sii,GUC,팹리스/ASIC
2025-04,3443,1671800.0,創意,sii,GUC,팹리스/ASIC
2025-05,3443,2013507.0,創意,sii,GUC,팹리스/ASIC
2025-06,3443,2419270.0,創意,sii,GUC,팹리스/ASIC
2025-07,3443,2232812.0,創意,sii,GUC,팹리스/ASIC
2025-08,3443,2767549.0,創意,sii,GUC,팹리스/ASIC
2025-09,3443,3612747.0,創意,sii,GUC,팹리스/ASIC
2025-10,3443,3715719.0,創意,sii,GUC,팹리스/ASIC
2025-11,3443,3936093.0,創意,sii,GUC,팹리스/ASIC
2025-12,3443,4747837.0,創意,sii,GUC,팹리스/ASIC
2026-01,3443,4235842.0,創意,sii,GUC,팹리스/ASIC
2026-02,3443,3351500.0,創意,sii,GUC,팹리스/ASIC
2026-03,3443,3860470.0,創意,sii,GUC,팹리스/ASIC
2026-04,3443,4294033.0,創意,sii,GUC,팹리스/ASIC
2026-05,3443,4674012.0,創意,sii,GUC,팹리스/ASIC
2018-12,3529,35694.0,力旺,otc,eMemory,IP
2019-01,3529,286201.0,力旺,otc,eMemory,IP
2019-02,3529,58900.0,力旺,otc,eMemory,IP
2019-03,3529,49960.0,力旺,otc,eMemory,IP
2019-04,3529,197324.0,力旺,otc,eMemory,IP
2019-05,3529,82136.0,力旺,otc,eMemory,IP
2019-06,3529,37081.0,力旺,otc,eMemory,IP
2019-07,3529,225993.0,力旺,otc,eMemory,IP
2019-08,3529,82180.0,力旺,otc,eMemory,IP
2019-09,3529,28414.0,力旺,otc,eMemory,IP
2019-10,3529,235420.0,力旺,otc,eMemory,IP
2019-11,3529,94884.0,力旺,otc,eMemory,IP
2019-12,3529,31592.0,力旺,otc,eMemory,IP
2020-01,3529,290059.0,力旺,otc,eMemory,IP
2020-02,3529,83900.0,力旺,otc,eMemory,IP
2020-03,3529,41477.0,力旺,otc,eMemory,IP
2020-04,3529,241928.0,力旺,otc,eMemory,IP
2020-05,3529,133136.0,力旺,otc,eMemory,IP
2020-06,3529,48212.0,力旺,otc,eMemory,IP
2020-07,3529,308050.0,力旺,otc,eMemory,IP
2020-08,3529,87974.0,力旺,otc,eMemory,IP
2020-09,3529,45235.0,力旺,otc,eMemory,IP
2020-10,3529,309469.0,力旺,otc,eMemory,IP
2020-11,3529,134443.0,力旺,otc,eMemory,IP
2020-12,3529,52770.0,力旺,otc,eMemory,IP
2021-01,3529,419581.0,力旺,otc,eMemory,IP
2021-02,3529,124733.0,力旺,otc,eMemory,IP
2021-03,3529,52420.0,力旺,otc,eMemory,IP
2021-04,3529,324995.0,力旺,otc,eMemory,IP
2021-05,3529,159243.0,力旺,otc,eMemory,IP
2021-06,3529,57177.0,力旺,otc,eMemory,IP
2021-07,3529,372498.0,力旺,otc,eMemory,IP
2021-08,3529,164633.0,力旺,otc,eMemory,IP
2021-09,3529,57146.0,力旺,otc,eMemory,IP
2021-10,3529,378185.0,力旺,otc,eMemory,IP
2021-11,3529,184210.0,力旺,otc,eMemory,IP
2021-12,3529,69003.0,力旺,otc,eMemory,IP
2022-01,3529,433528.0,力旺,otc,eMemory,IP
2022-02,3529,236425.0,力旺,otc,eMemory,IP
2022-03,3529,57154.0,力旺,otc,eMemory,IP
2022-04,3529,474179.0,力旺,otc,eMemory,IP
2022-05,3529,233284.0,力旺,otc,eMemory,IP
2022-06,3529,88829.0,力旺,otc,eMemory,IP
2022-07,3529,492441.0,力旺,otc,eMemory,IP
2022-08,3529,239863.0,力旺,otc,eMemory,IP
2022-09,3529,58304.0,力旺,otc,eMemory,IP
2022-10,3529,519769.0,力旺,otc,eMemory,IP
2022-11,3529,269670.0,力旺,otc,eMemory,IP
2022-12,3529,113265.0,力旺,otc,eMemory,IP
2023-01,3529,394270.0,力旺,otc,eMemory,IP
2023-02,3529,213435.0,力旺,otc,eMemory,IP
2023-03,3529,60046.0,力旺,otc,eMemory,IP
2023-04,3529,356102.0,力旺,otc,eMemory,IP
2023-05,3529,254958.0,力旺,otc,eMemory,IP
2023-06,3529,85565.0,力旺,otc,eMemory,IP
2023-07,3529,428676.0,力旺,otc,eMemory,IP
2023-08,3529,262919.0,力旺,otc,eMemory,IP
2023-09,3529,95496.0,力旺,otc,eMemory,IP
2023-10,3529,495333.0,力旺,otc,eMemory,IP
2023-11,3529,282825.0,力旺,otc,eMemory,IP
2023-12,3529,120700.0,力旺,otc,eMemory,IP
2024-01,3529,453365.0,力旺,otc,eMemory,IP
2024-02,3529,262246.0,力旺,otc,eMemory,IP
2024-03,3529,87153.0,力旺,otc,eMemory,IP
2024-04,3529,487655.0,力旺,otc,eMemory,IP
2024-05,3529,283455.0,力旺,otc,eMemory,IP
2024-06,3529,121900.0,力旺,otc,eMemory,IP
2024-07,3529,509347.0,力旺,otc,eMemory,IP
2024-08,3529,287741.0,力旺,otc,eMemory,IP
2024-09,3529,102389.0,力旺,otc,eMemory,IP
2024-10,3529,561522.0,力旺,otc,eMemory,IP
2024-11,3529,322319.0,力旺,otc,eMemory,IP
2024-12,3529,126876.0,力旺,otc,eMemory,IP
2025-01,3529,545007.0,力旺,otc,eMemory,IP
2025-02,3529,273771.0,力旺,otc,eMemory,IP
2025-03,3529,92956.0,力旺,otc,eMemory,IP
2025-04,3529,542896.0,力旺,otc,eMemory,IP
2025-05,3529,272282.0,力旺,otc,eMemory,IP
2025-06,3529,121357.0,力旺,otc,eMemory,IP
2025-07,3529,546080.0,力旺,otc,eMemory,IP
2025-08,3529,249996.0,力旺,otc,eMemory,IP
2025-09,3529,156346.0,力旺,otc,eMemory,IP
2025-10,3529,622668.0,力旺,otc,eMemory,IP
2025-11,3529,345683.0,力旺,otc,eMemory,IP
2025-12,3529,80011.0,力旺,otc,eMemory,IP
2026-01,3529,667012.0,力旺,otc,eMemory,IP
2026-02,3529,305812.0,力旺,otc,eMemory,IP
2026-03,3529,121169.0,力旺,otc,eMemory,IP
2026-04,3529,613115.0,力旺,otc,eMemory,IP
2026-05,3529,305058.0,力旺,otc,eMemory,IP
2018-12,3661,326460.0,世芯-KY,sii,Alchip,팹리스/ASIC
2019-01,3661,331042.0,世芯-KY,sii,Alchip,팹리스/ASIC
2019-02,3661,285780.0,世芯-KY,sii,Alchip,팹리스/ASIC
2019-03,3661,499959.0,世芯-KY,sii,Alchip,팹리스/ASIC
2019-04,3661,337276.0,世芯-KY,sii,Alchip,팹리스/ASIC
2019-05,3661,302926.0,世芯-KY,sii,Alchip,팹리스/ASIC
2019-06,3661,222480.0,世芯-KY,sii,Alchip,팹리스/ASIC
2019-07,3661,289948.0,世芯-KY,sii,Alchip,팹리스/ASIC
2019-08,3661,310718.0,世芯-KY,sii,Alchip,팹리스/ASIC
2019-09,3661,307407.0,世芯-KY,sii,Alchip,팹리스/ASIC
2019-10,3661,416935.0,世芯-KY,sii,Alchip,팹리스/ASIC
2019-11,3661,440377.0,世芯-KY,sii,Alchip,팹리스/ASIC
2019-12,3661,573929.0,世芯-KY,sii,Alchip,팹리스/ASIC
2020-01,3661,397250.0,世芯-KY,sii,Alchip,팹리스/ASIC
2020-02,3661,501419.0,世芯-KY,sii,Alchip,팹리스/ASIC
2020-03,3661,621679.0,世芯-KY,sii,Alchip,팹리스/ASIC
2020-04,3661,530416.0,世芯-KY,sii,Alchip,팹리스/ASIC
2020-05,3661,555764.0,世芯-KY,sii,Alchip,팹리스/ASIC
2020-06,3661,557546.0,世芯-KY,sii,Alchip,팹리스/ASIC
2020-07,3661,656117.0,世芯-KY,sii,Alchip,팹리스/ASIC
2020-08,3661,685088.0,世芯-KY,sii,Alchip,팹리스/ASIC
2020-09,3661,652246.0,世芯-KY,sii,Alchip,팹리스/ASIC
2020-10,3661,573581.0,世芯-KY,sii,Alchip,팹리스/ASIC
2020-11,3661,662483.0,世芯-KY,sii,Alchip,팹리스/ASIC
2020-12,3661,670879.0,世芯-KY,sii,Alchip,팹리스/ASIC
2021-01,3661,748874.0,世芯-KY,sii,Alchip,팹리스/ASIC
2021-02,3661,876860.0,世芯-KY,sii,Alchip,팹리스/ASIC
2021-03,3661,1032917.0,世芯-KY,sii,Alchip,팹리스/ASIC
2021-04,3661,1008533.0,世芯-KY,sii,Alchip,팹리스/ASIC
2021-05,3661,920126.0,世芯-KY,sii,Alchip,팹리스/ASIC
2021-06,3661,797577.0,世芯-KY,sii,Alchip,팹리스/ASIC
2021-07,3661,812533.0,世芯-KY,sii,Alchip,팹리스/ASIC
2021-08,3661,840549.0,世芯-KY,sii,Alchip,팹리스/ASIC
2021-09,3661,904978.0,世芯-KY,sii,Alchip,팹리스/ASIC
2021-10,3661,841759.0,世芯-KY,sii,Alchip,팹리스/ASIC
2021-11,3661,847924.0,世芯-KY,sii,Alchip,팹리스/ASIC
2021-12,3661,793411.0,世芯-KY,sii,Alchip,팹리스/ASIC
2022-01,3661,874914.0,世芯-KY,sii,Alchip,팹리스/ASIC
2022-02,3661,886744.0,世芯-KY,sii,Alchip,팹리스/ASIC
2022-03,3661,854680.0,世芯-KY,sii,Alchip,팹리스/ASIC
2022-04,3661,913462.0,世芯-KY,sii,Alchip,팹리스/ASIC
2022-05,3661,1006161.0,世芯-KY,sii,Alchip,팹리스/ASIC
2022-06,3661,1056510.0,世芯-KY,sii,Alchip,팹리스/ASIC
2022-07,3661,950674.0,世芯-KY,sii,Alchip,팹리스/ASIC
2022-08,3661,1166107.0,世芯-KY,sii,Alchip,팹리스/ASIC
2022-09,3661,1464348.0,世芯-KY,sii,Alchip,팹리스/ASIC
2022-10,3661,1230104.0,世芯-KY,sii,Alchip,팹리스/ASIC
2022-11,3661,1764891.0,世芯-KY,sii,Alchip,팹리스/ASIC
2022-12,3661,1635779.0,世芯-KY,sii,Alchip,팹리스/ASIC
2023-01,3661,1632410.0,世芯-KY,sii,Alchip,팹리스/ASIC
2023-02,3661,1538317.0,世芯-KY,sii,Alchip,팹리스/ASIC
2023-03,3661,2550850.0,世芯-KY,sii,Alchip,팹리스/ASIC
2023-04,3661,2607936.0,世芯-KY,sii,Alchip,팹리스/ASIC
2023-05,3661,2722334.0,世芯-KY,sii,Alchip,팹리스/ASIC
2023-06,3661,2609723.0,世芯-KY,sii,Alchip,팹리스/ASIC
2023-07,3661,2255324.0,世芯-KY,sii,Alchip,팹리스/ASIC
2023-08,3661,2465370.0,世芯-KY,sii,Alchip,팹리스/ASIC
2023-09,3661,2902891.0,世芯-KY,sii,Alchip,팹리스/ASIC
2023-10,3661,2837433.0,世芯-KY,sii,Alchip,팹리스/ASIC
2023-11,3661,2912288.0,世芯-KY,sii,Alchip,팹리스/ASIC
2023-12,3661,3510037.0,世芯-KY,sii,Alchip,팹리스/ASIC
2024-01,3661,3374338.0,世芯-KY,sii,Alchip,팹리스/ASIC
2024-02,3661,3243256.0,世芯-KY,sii,Alchip,팹리스/ASIC
2024-03,3661,3875525.0,世芯-KY,sii,Alchip,팹리스/ASIC
2024-04,3661,4013784.0,世芯-KY,sii,Alchip,팹리스/ASIC
2024-05,3661,4373434.0,世芯-KY,sii,Alchip,팹리스/ASIC
2024-06,3661,5236371.0,世芯-KY,sii,Alchip,팹리스/ASIC
2024-07,3661,4878490.0,世芯-KY,sii,Alchip,팹리스/ASIC
2024-08,3661,4669028.0,世芯-KY,sii,Alchip,팹리스/ASIC
2024-09,3661,5301492.0,世芯-KY,sii,Alchip,팹리스/ASIC
2024-10,3661,4192677.0,世芯-KY,sii,Alchip,팹리스/ASIC
2024-11,3661,4395155.0,世芯-KY,sii,Alchip,팹리스/ASIC
2024-12,3661,4485798.0,世芯-KY,sii,Alchip,팹리스/ASIC
2025-01,3661,3260546.0,世芯-KY,sii,Alchip,팹리스/ASIC
2025-02,3661,3606459.0,世芯-KY,sii,Alchip,팹리스/ASIC
2025-03,3661,3618515.0,世芯-KY,sii,Alchip,팹리스/ASIC
2025-04,3661,3150721.0,世芯-KY,sii,Alchip,팹리스/ASIC
2025-05,3661,2907751.0,世芯-KY,sii,Alchip,팹리스/ASIC
2025-06,3661,3095838.0,世芯-KY,sii,Alchip,팹리스/ASIC
2025-07,3661,2637889.0,世芯-KY,sii,Alchip,팹리스/ASIC
2025-08,3661,2349049.0,世芯-KY,sii,Alchip,팹리스/ASIC
2025-09,3661,1674283.0,世芯-KY,sii,Alchip,팹리스/ASIC
2025-10,3661,1666156.0,世芯-KY,sii,Alchip,팹리스/ASIC
2025-11,3661,1698309.0,世芯-KY,sii,Alchip,팹리스/ASIC
2025-12,3661,1375789.0,世芯-KY,sii,Alchip,팹리스/ASIC
2026-01,3661,1432291.0,世芯-KY,sii,Alchip,팹리스/ASIC
2026-02,3661,826686.0,世芯-KY,sii,Alchip,팹리스/ASIC
2026-03,3661,1933218.0,世芯-KY,sii,Alchip,팹리스/ASIC
2026-04,3661,2132653.0,世芯-KY,sii,Alchip,팹리스/ASIC
2026-05,3661,1935098.0,世芯-KY,sii,Alchip,팹리스/ASIC
2018-12,3711,36944079.0,日月光投控,sii,ASE Holdings,OSAT
2019-01,3711,33055773.0,日月光投控,sii,ASE Holdings,OSAT
2019-02,3711,26239644.0,日月光投控,sii,ASE Holdings,OSAT
2019-03,3711,29566029.0,日月光投控,sii,ASE Holdings,OSAT
2019-04,3711,29051464.0,日月光投控,sii,ASE Holdings,OSAT
2019-05,3711,30118129.0,日月光投控,sii,ASE Holdings,OSAT
2019-06,3711,31571316.0,日月光投控,sii,ASE Holdings,OSAT
2019-07,3711,36376356.0,日月光投控,sii,ASE Holdings,OSAT
2019-08,3711,40039028.0,日月光投控,sii,ASE Holdings,OSAT
2019-09,3711,41141924.0,日月光投控,sii,ASE Holdings,OSAT
2019-10,3711,38784584.0,日月光投控,sii,ASE Holdings,OSAT
2019-11,3711,38456363.0,日月光投控,sii,ASE Holdings,OSAT
2019-12,3711,38781574.0,日月光投控,sii,ASE Holdings,OSAT
2020-01,3711,31337455.0,日月光投控,sii,ASE Holdings,OSAT
2020-02,3711,28135554.0,日月光投控,sii,ASE Holdings,OSAT
2020-03,3711,37884146.0,日月光投控,sii,ASE Holdings,OSAT
2020-04,3711,35303249.0,日月光投控,sii,ASE Holdings,OSAT
2020-05,3711,35788001.0,日月光投控,sii,ASE Holdings,OSAT
2020-06,3711,36457523.0,日月光投控,sii,ASE Holdings,OSAT
2020-07,3711,37325504.0,日月光投控,sii,ASE Holdings,OSAT
2020-08,3711,41944147.0,日月光投控,sii,ASE Holdings,OSAT
2020-09,3711,43925748.0,日月光投控,sii,ASE Holdings,OSAT
2020-10,3711,47914576.0,日月光投控,sii,ASE Holdings,OSAT
2020-11,3711,50664618.0,日月光投控,sii,ASE Holdings,OSAT
2020-12,3711,50298189.0,日月光投控,sii,ASE Holdings,OSAT
2021-01,3711,40847914.0,日月光投控,sii,ASE Holdings,OSAT
2021-02,3711,36620343.0,日月光投控,sii,ASE Holdings,OSAT
2021-03,3711,42001527.0,日月光投控,sii,ASE Holdings,OSAT
2021-04,3711,41333449.0,日月光投控,sii,ASE Holdings,OSAT
2021-05,3711,42267016.0,日月光投控,sii,ASE Holdings,OSAT
2021-06,3711,43325882.0,日月光投控,sii,ASE Holdings,OSAT
2021-07,3711,46479676.0,日月光投控,sii,ASE Holdings,OSAT
2021-08,3711,50449730.0,日月光投控,sii,ASE Holdings,OSAT
2021-09,3711,53735410.0,日月光投控,sii,ASE Holdings,OSAT
2021-10,3711,52748353.0,日月光投控,sii,ASE Holdings,OSAT
2021-11,3711,60522891.0,日月光投控,sii,ASE Holdings,OSAT
2021-12,3711,59664942.0,日月光投控,sii,ASE Holdings,OSAT
2022-01,3711,48573947.0,日月光投控,sii,ASE Holdings,OSAT
2022-02,3711,43830549.0,日月光投控,sii,ASE Holdings,OSAT
2022-03,3711,51986331.0,日月光投控,sii,ASE Holdings,OSAT
2022-04,3711,48642595.0,日月光投控,sii,ASE Holdings,OSAT
2022-05,3711,53798666.0,日月光投控,sii,ASE Holdings,OSAT
2022-06,3711,57997759.0,日月光投控,sii,ASE Holdings,OSAT
2022-07,3711,58167105.0,日月光投控,sii,ASE Holdings,OSAT
2022-08,3711,63806883.0,日月光投控,sii,ASE Holdings,OSAT
2022-09,3711,66651569.0,日月光投控,sii,ASE Holdings,OSAT
2022-10,3711,64171459.0,日月光投控,sii,ASE Holdings,OSAT
2022-11,3711,60106891.0,日月光投控,sii,ASE Holdings,OSAT
2022-12,3711,53138889.0,日月光投控,sii,ASE Holdings,OSAT
2023-01,3711,45131358.0,日月光投控,sii,ASE Holdings,OSAT
2023-02,3711,39984571.0,日月光投控,sii,ASE Holdings,OSAT
2023-03,3711,45775144.0,日月光投控,sii,ASE Holdings,OSAT
2023-04,3711,43314938.0,日月光投控,sii,ASE Holdings,OSAT
2023-05,3711,46238791.0,日月光投控,sii,ASE Holdings,OSAT
2023-06,3711,46721623.0,日月光投控,sii,ASE Holdings,OSAT
2023-07,3711,48353336.0,日月光投控,sii,ASE Holdings,OSAT
2023-08,3711,52278801.0,日月光投控,sii,ASE Holdings,OSAT
2023-09,3711,53534708.0,日月光投控,sii,ASE Holdings,OSAT
2023-10,3711,56166613.0,日月光投控,sii,ASE Holdings,OSAT
2023-11,3711,54509085.0,日月光投控,sii,ASE Holdings,OSAT
2023-12,3711,49905503.0,日月光投控,sii,ASE Holdings,OSAT
2024-01,3711,47390354.0,日月光投控,sii,ASE Holdings,OSAT
2024-02,3711,39751076.0,日月光投控,sii,ASE Holdings,OSAT
2024-03,3711,45661425.0,日月光投控,sii,ASE Holdings,OSAT
2024-04,3711,45819887.0,日月光投控,sii,ASE Holdings,OSAT
2024-05,3711,47492772.0,日月光投控,sii,ASE Holdings,OSAT
2024-06,3711,46925404.0,日月光投控,sii,ASE Holdings,OSAT
2024-07,3711,51595954.0,日月光投控,sii,ASE Holdings,OSAT
2024-08,3711,52929761.0,日月光投控,sii,ASE Holdings,OSAT
2024-09,3711,55579391.0,日月光投控,sii,ASE Holdings,OSAT
2024-10,3711,56425583.0,日月光投控,sii,ASE Holdings,OSAT
2024-11,3711,52933333.0,日月光投控,sii,ASE Holdings,OSAT
2024-12,3711,52904645.0,日月光投控,sii,ASE Holdings,OSAT
2025-01,3711,49444261.0,日月光投控,sii,ASE Holdings,OSAT
2025-02,3711,44960788.0,日月光投控,sii,ASE Holdings,OSAT
2025-03,3711,53748213.0,日月光投控,sii,ASE Holdings,OSAT
2025-04,3711,52210767.0,日月光投控,sii,ASE Holdings,OSAT
2025-05,3711,49026935.0,日月光投控,sii,ASE Holdings,OSAT
2025-06,3711,49512621.0,日月光投控,sii,ASE Holdings,OSAT
2025-07,3711,51542033.0,日月光投控,sii,ASE Holdings,OSAT
2025-08,3711,56465628.0,日月光投控,sii,ASE Holdings,OSAT
2025-09,3711,60561227.0,日月光投控,sii,ASE Holdings,OSAT
2025-10,3711,60231106.0,日月光投控,sii,ASE Holdings,OSAT
2025-11,3711,58819584.0,日月光投控,sii,ASE Holdings,OSAT
2025-12,3711,58864547.0,日月光投控,sii,ASE Holdings,OSAT
2026-01,3711,59988631.0,日月光投控,sii,ASE Holdings,OSAT
2026-02,3711,52096847.0,日月光投控,sii,ASE Holdings,OSAT
2026-03,3711,61576674.0,日月光投控,sii,ASE Holdings,OSAT
2026-04,3711,62247107.0,日月光投控,sii,ASE Holdings,OSAT
2026-05,3711,63033313.0,日月光投控,sii,ASE Holdings,OSAT
2018-12,5274,155954.0,信驊,otc,Aspeed,팹리스(BMC)
2019-01,5274,208513.0,信驊,otc,Aspeed,팹리스(BMC)
2019-02,5274,160961.0,信驊,otc,Aspeed,팹리스(BMC)
2019-03,5274,181652.0,信驊,otc,Aspeed,팹리스(BMC)
2019-04,5274,190774.0,信驊,otc,Aspeed,팹리스(BMC)
2019-05,5274,162837.0,信驊,otc,Aspeed,팹리스(BMC)
2019-06,5274,169331.0,信驊,otc,Aspeed,팹리스(BMC)
2019-07,5274,214580.0,信驊,otc,Aspeed,팹리스(BMC)
2019-08,5274,228164.0,信驊,otc,Aspeed,팹리스(BMC)
2019-09,5274,244526.0,信驊,otc,Aspeed,팹리스(BMC)
2019-10,5274,234921.0,信驊,otc,Aspeed,팹리스(BMC)
2019-11,5274,223792.0,信驊,otc,Aspeed,팹리스(BMC)
2019-12,5274,264245.0,信驊,otc,Aspeed,팹리스(BMC)
2020-01,5274,231751.0,信驊,otc,Aspeed,팹리스(BMC)
2020-02,5274,242944.0,信驊,otc,Aspeed,팹리스(BMC)
2020-03,5274,257673.0,信驊,otc,Aspeed,팹리스(BMC)
2020-04,5274,273563.0,信驊,otc,Aspeed,팹리스(BMC)
2020-05,5274,302414.0,信驊,otc,Aspeed,팹리스(BMC)
2020-06,5274,325375.0,信驊,otc,Aspeed,팹리스(BMC)
2020-07,5274,322203.0,信驊,otc,Aspeed,팹리스(BMC)
2020-08,5274,203058.0,信驊,otc,Aspeed,팹리스(BMC)
2020-09,5274,207247.0,信驊,otc,Aspeed,팹리스(BMC)
2020-10,5274,188741.0,信驊,otc,Aspeed,팹리스(BMC)
2020-11,5274,228037.0,信驊,otc,Aspeed,팹리스(BMC)
2020-12,5274,280545.0,信驊,otc,Aspeed,팹리스(BMC)
2021-01,5274,238148.0,信驊,otc,Aspeed,팹리스(BMC)
2021-02,5274,252026.0,信驊,otc,Aspeed,팹리스(BMC)
2021-03,5274,260341.0,信驊,otc,Aspeed,팹리스(BMC)
2021-04,5274,282572.0,信驊,otc,Aspeed,팹리스(BMC)
2021-05,5274,304950.0,信驊,otc,Aspeed,팹리스(BMC)
2021-06,5274,328914.0,信驊,otc,Aspeed,팹리스(BMC)
2021-07,5274,329494.0,信驊,otc,Aspeed,팹리스(BMC)
2021-08,5274,303639.0,信驊,otc,Aspeed,팹리스(BMC)
2021-09,5274,306201.0,信驊,otc,Aspeed,팹리스(BMC)
2021-10,5274,355983.0,信驊,otc,Aspeed,팹리스(BMC)
2021-11,5274,304711.0,信驊,otc,Aspeed,팹리스(BMC)
2021-12,5274,370653.0,信驊,otc,Aspeed,팹리스(BMC)
2022-01,5274,384525.0,信驊,otc,Aspeed,팹리스(BMC)
2022-02,5274,334015.0,信驊,otc,Aspeed,팹리스(BMC)
2022-03,5274,432969.0,信驊,otc,Aspeed,팹리스(BMC)
2022-04,5274,454221.0,信驊,otc,Aspeed,팹리스(BMC)
2022-05,5274,465679.0,信驊,otc,Aspeed,팹리스(BMC)
2022-06,5274,505432.0,信驊,otc,Aspeed,팹리스(BMC)
2022-07,5274,427488.0,信驊,otc,Aspeed,팹리스(BMC)
2022-08,5274,402600.0,信驊,otc,Aspeed,팹리스(BMC)
2022-09,5274,476492.0,信驊,otc,Aspeed,팹리스(BMC)
2022-10,5274,516534.0,信驊,otc,Aspeed,팹리스(BMC)
2022-11,5274,419387.0,信驊,otc,Aspeed,팹리스(BMC)
2022-12,5274,390786.0,信驊,otc,Aspeed,팹리스(BMC)
2023-01,5274,220450.0,信驊,otc,Aspeed,팹리스(BMC)
2023-02,5274,223106.0,信驊,otc,Aspeed,팹리스(BMC)
2023-03,5274,225840.0,信驊,otc,Aspeed,팹리스(BMC)
2023-04,5274,228014.0,信驊,otc,Aspeed,팹리스(BMC)
2023-05,5274,225675.0,信驊,otc,Aspeed,팹리스(BMC)
2023-06,5274,226350.0,信驊,otc,Aspeed,팹리스(BMC)
2023-07,5274,231717.0,信驊,otc,Aspeed,팹리스(BMC)
2023-08,5274,243429.0,信驊,otc,Aspeed,팹리스(BMC)
2023-09,5274,321568.0,信驊,otc,Aspeed,팹리스(BMC)
2023-10,5274,323669.0,信驊,otc,Aspeed,팹리스(BMC)
2023-11,5274,341994.0,信驊,otc,Aspeed,팹리스(BMC)
2023-12,5274,318583.0,信驊,otc,Aspeed,팹리스(BMC)
2024-01,5274,362308.0,信驊,otc,Aspeed,팹리스(BMC)
2024-02,5274,292096.0,信驊,otc,Aspeed,팹리스(BMC)
2024-03,5274,359069.0,信驊,otc,Aspeed,팹리스(BMC)
2024-04,5274,415897.0,信驊,otc,Aspeed,팹리스(BMC)
2024-05,5274,435334.0,信驊,otc,Aspeed,팹리스(BMC)
2024-06,5274,504814.0,信驊,otc,Aspeed,팹리스(BMC)
2024-07,5274,601189.0,信驊,otc,Aspeed,팹리스(BMC)
2024-08,5274,677094.0,信驊,otc,Aspeed,팹리스(BMC)
2024-09,5274,708152.0,信驊,otc,Aspeed,팹리스(BMC)
2024-10,5274,685782.0,信驊,otc,Aspeed,팹리스(BMC)
2024-11,5274,681054.0,信驊,otc,Aspeed,팹리스(BMC)
2024-12,5274,736877.0,信驊,otc,Aspeed,팹리스(BMC)
2025-01,5274,700869.0,信驊,otc,Aspeed,팹리스(BMC)
2025-02,5274,609219.0,信驊,otc,Aspeed,팹리스(BMC)
2025-03,5274,755030.0,信驊,otc,Aspeed,팹리스(BMC)
2025-04,5274,704344.0,信驊,otc,Aspeed,팹리스(BMC)
2025-05,5274,759860.0,信驊,otc,Aspeed,팹리스(BMC)
2025-06,5274,782343.0,信驊,otc,Aspeed,팹리스(BMC)
2025-07,5274,771292.0,信驊,otc,Aspeed,팹리스(BMC)
2025-08,5274,744425.0,信驊,otc,Aspeed,팹리스(BMC)
2025-09,5274,814367.0,信驊,otc,Aspeed,팹리스(BMC)
2025-10,5274,730624.0,信驊,otc,Aspeed,팹리스(BMC)
2025-11,5274,840288.0,信驊,otc,Aspeed,팹리스(BMC)
2025-12,5274,872214.0,信驊,otc,Aspeed,팹리스(BMC)
2026-01,5274,900364.0,信驊,otc,Aspeed,팹리스(BMC)
2026-02,5274,1010964.0,信驊,otc,Aspeed,팹리스(BMC)
2026-03,5274,1235429.0,信驊,otc,Aspeed,팹리스(BMC)
2026-04,5274,1279040.0,信驊,otc,Aspeed,팹리스(BMC)
2026-05,5274,1282174.0,信驊,otc,Aspeed,팹리스(BMC)
2018-12,5347,2595214.0,世界先進,otc,Vanguard(VIS),파운드리
2019-01,5347,2559239.0,世界先進,otc,Vanguard(VIS),파운드리
2019-02,5347,2127290.0,世界先進,otc,Vanguard(VIS),파운드리
2019-03,5347,2220037.0,世界先進,otc,Vanguard(VIS),파운드리
2019-04,5347,2295975.0,世界先進,otc,Vanguard(VIS),파운드리
2019-05,5347,2324731.0,世界先進,otc,Vanguard(VIS),파운드리
2019-06,5347,2297486.0,世界先進,otc,Vanguard(VIS),파운드리
2019-07,5347,2493365.0,世界先進,otc,Vanguard(VIS),파운드리
2019-08,5347,2294025.0,世界先進,otc,Vanguard(VIS),파운드리
2019-09,5347,2339628.0,世界先進,otc,Vanguard(VIS),파운드리
2019-10,5347,2456295.0,世界先進,otc,Vanguard(VIS),파운드리
2019-11,5347,2270057.0,世界先進,otc,Vanguard(VIS),파운드리
2019-12,5347,2607944.0,世界先進,otc,Vanguard(VIS),파운드리
2020-01,5347,2375057.0,世界先進,otc,Vanguard(VIS),파운드리
2020-02,5347,2591953.0,世界先進,otc,Vanguard(VIS),파운드리
2020-03,5347,2876911.0,世界先進,otc,Vanguard(VIS),파운드리
2020-04,5347,2585192.0,世界先進,otc,Vanguard(VIS),파운드리
2020-05,5347,2770518.0,世界先進,otc,Vanguard(VIS),파운드리
2020-06,5347,2870986.0,世界先進,otc,Vanguard(VIS),파운드리
2020-07,5347,2709662.0,世界先進,otc,Vanguard(VIS),파운드리
2020-08,5347,2783780.0,世界先進,otc,Vanguard(VIS),파운드리
2020-09,5347,2850091.0,世界先進,otc,Vanguard(VIS),파운드리
2020-10,5347,2847973.0,世界先進,otc,Vanguard(VIS),파운드리
2020-11,5347,2869889.0,世界先進,otc,Vanguard(VIS),파운드리
2020-12,5347,2999190.0,世界先進,otc,Vanguard(VIS),파운드리
2021-01,5347,2780087.0,世界先進,otc,Vanguard(VIS),파운드리
2021-02,5347,2816254.0,世界先進,otc,Vanguard(VIS),파운드리
2021-03,5347,3583790.0,世界先進,otc,Vanguard(VIS),파운드리
2021-04,5347,3170821.0,世界先進,otc,Vanguard(VIS),파운드리
2021-05,5347,3409448.0,世界先進,otc,Vanguard(VIS),파운드리
2021-06,5347,3575319.0,世界先進,otc,Vanguard(VIS),파운드리
2021-07,5347,3677308.0,世界先進,otc,Vanguard(VIS),파운드리
2021-08,5347,4029110.0,世界先進,otc,Vanguard(VIS),파운드리
2021-09,5347,4171416.0,世界先進,otc,Vanguard(VIS),파운드리
2021-10,5347,3766037.0,世界先進,otc,Vanguard(VIS),파운드리
2021-11,5347,4367103.0,世界先進,otc,Vanguard(VIS),파운드리
2021-12,5347,4604394.0,世界先進,otc,Vanguard(VIS),파운드리
2022-01,5347,4179425.0,世界先進,otc,Vanguard(VIS),파운드리
2022-02,5347,4244631.0,世界先進,otc,Vanguard(VIS),파운드리
2022-03,5347,5068035.0,世界先進,otc,Vanguard(VIS),파운드리
2022-04,5347,4485603.0,世界先進,otc,Vanguard(VIS),파운드리
2022-05,5347,5320008.0,世界先進,otc,Vanguard(VIS),파운드리
2022-06,5347,5495251.0,世界先進,otc,Vanguard(VIS),파운드리
2022-07,5347,4662241.0,世界先進,otc,Vanguard(VIS),파운드리
2022-08,5347,4972460.0,世界先進,otc,Vanguard(VIS),파운드리
2022-09,5347,3693280.0,世界先進,otc,Vanguard(VIS),파운드리
2022-10,5347,3555313.0,世界先進,otc,Vanguard(VIS),파운드리
2022-11,5347,3201125.0,世界先進,otc,Vanguard(VIS),파운드리
2022-12,5347,2816938.0,世界先進,otc,Vanguard(VIS),파운드리
2023-01,5347,3202602.0,世界先進,otc,Vanguard(VIS),파운드리
2023-02,5347,2484146.0,世界先進,otc,Vanguard(VIS),파운드리
2023-03,5347,2500141.0,世界先進,otc,Vanguard(VIS),파운드리
2023-04,5347,3569414.0,世界先進,otc,Vanguard(VIS),파운드리
2023-05,5347,3139510.0,世界先進,otc,Vanguard(VIS),파운드리
2023-06,5347,3145421.0,世界先進,otc,Vanguard(VIS),파운드리
2023-07,5347,3596733.0,世界先進,otc,Vanguard(VIS),파운드리
2023-08,5347,3516536.0,世界先進,otc,Vanguard(VIS),파운드리
2023-09,5347,3443921.0,世界先進,otc,Vanguard(VIS),파운드리
2023-10,5347,3242702.0,世界先進,otc,Vanguard(VIS),파운드리
2023-11,5347,2921839.0,世界先進,otc,Vanguard(VIS),파운드리
2023-12,5347,3509605.0,世界先進,otc,Vanguard(VIS),파운드리
2024-01,5347,2928254.0,世界先進,otc,Vanguard(VIS),파운드리
2024-02,5347,3083778.0,世界先進,otc,Vanguard(VIS),파운드리
2024-03,5347,3620812.0,世界先進,otc,Vanguard(VIS),파운드리
2024-04,5347,3388373.0,世界先進,otc,Vanguard(VIS),파운드리
2024-05,5347,3570413.0,世界先進,otc,Vanguard(VIS),파운드리
2024-06,5347,4106300.0,世界先進,otc,Vanguard(VIS),파운드리
2024-07,5347,3556803.0,世界先進,otc,Vanguard(VIS),파운드리
2024-08,5347,3633002.0,世界先進,otc,Vanguard(VIS),파운드리
2024-09,5347,4614353.0,世界先進,otc,Vanguard(VIS),파운드리
2024-10,5347,3792753.0,世界先進,otc,Vanguard(VIS),파운드리
2024-11,5347,3456724.0,世界先進,otc,Vanguard(VIS),파운드리
2024-12,5347,4303197.0,世界先進,otc,Vanguard(VIS),파운드리
2025-01,5347,3388946.0,世界先進,otc,Vanguard(VIS),파운드리
2025-02,5347,3955279.0,世界先進,otc,Vanguard(VIS),파운드리
2025-03,5347,4605106.0,世界先進,otc,Vanguard(VIS),파운드리
2025-04,5347,3674525.0,世界先進,otc,Vanguard(VIS),파운드리
2025-05,5347,3550424.0,世界先進,otc,Vanguard(VIS),파운드리
2025-06,5347,4474372.0,世界先進,otc,Vanguard(VIS),파운드리
2025-07,5347,3612796.0,世界先進,otc,Vanguard(VIS),파운드리
2025-08,5347,3625233.0,世界先進,otc,Vanguard(VIS),파운드리
2025-09,5347,5110837.0,世界先進,otc,Vanguard(VIS),파운드리
2025-10,5347,3908953.0,世界先進,otc,Vanguard(VIS),파운드리
2025-11,5347,3755092.0,世界先進,otc,Vanguard(VIS),파운드리
2025-12,5347,4929682.0,世界先進,otc,Vanguard(VIS),파운드리
2026-01,5347,4011598.0,世界先進,otc,Vanguard(VIS),파운드리
2026-02,5347,3579319.0,世界先進,otc,Vanguard(VIS),파운드리
2026-03,5347,4940712.0,世界先進,otc,Vanguard(VIS),파운드리
2026-04,5347,4026468.0,世界先進,otc,Vanguard(VIS),파운드리
2026-05,5347,4241870.0,世界先進,otc,Vanguard(VIS),파운드리
2018-12,6239,5329632.0,力成,sii,PTI,OSAT
2019-01,6239,5172683.0,力成,sii,PTI,OSAT
2019-02,6239,4340940.0,力成,sii,PTI,OSAT
2019-03,6239,4918536.0,力成,sii,PTI,OSAT
2019-04,6239,4886141.0,力成,sii,PTI,OSAT
2019-05,6239,5044003.0,力成,sii,PTI,OSAT
2019-06,6239,5149505.0,力成,sii,PTI,OSAT
2019-07,6239,5611872.0,力成,sii,PTI,OSAT
2019-08,6239,6069915.0,力成,sii,PTI,OSAT
2019-09,6239,6023540.0,力成,sii,PTI,OSAT
2019-10,6239,6314017.0,力成,sii,PTI,OSAT
2019-11,6239,6394174.0,力成,sii,PTI,OSAT
2019-12,6239,6599818.0,力成,sii,PTI,OSAT
2020-01,6239,6340587.0,力成,sii,PTI,OSAT
2020-02,6239,5891693.0,力成,sii,PTI,OSAT
2020-03,6239,6579400.0,力成,sii,PTI,OSAT
2020-04,6239,6564039.0,力成,sii,PTI,OSAT
2020-05,6239,6444874.0,力成,sii,PTI,OSAT
2020-06,6239,6401211.0,力成,sii,PTI,OSAT
2020-07,6239,6320817.0,力成,sii,PTI,OSAT
2020-08,6239,6302445.0,力成,sii,PTI,OSAT
2020-09,6239,6312439.0,力成,sii,PTI,OSAT
2020-10,6239,6468226.0,力成,sii,PTI,OSAT
2020-11,6239,6359712.0,力成,sii,PTI,OSAT
2020-12,6239,6195206.0,力成,sii,PTI,OSAT
2021-01,6239,6093345.0,力成,sii,PTI,OSAT
2021-02,6239,5826828.0,力成,sii,PTI,OSAT
2021-03,6239,6509060.0,力成,sii,PTI,OSAT
2021-04,6239,6671415.0,力成,sii,PTI,OSAT
2021-05,6239,6886318.0,力成,sii,PTI,OSAT
2021-06,6239,7063121.0,力成,sii,PTI,OSAT
2021-07,6239,7520591.0,力成,sii,PTI,OSAT
2021-08,6239,7538243.0,力成,sii,PTI,OSAT
2021-09,6239,7261646.0,力成,sii,PTI,OSAT
2021-10,6239,7579431.0,力成,sii,PTI,OSAT
2021-11,6239,7523849.0,力成,sii,PTI,OSAT
2021-12,6239,7319725.0,力成,sii,PTI,OSAT
2022-01,6239,7243417.0,力成,sii,PTI,OSAT
2022-02,6239,6481084.0,力成,sii,PTI,OSAT
2022-03,6239,7106130.0,力成,sii,PTI,OSAT
2022-04,6239,7329899.0,力成,sii,PTI,OSAT
2022-05,6239,7841110.0,力成,sii,PTI,OSAT
2022-06,6239,8092334.0,力成,sii,PTI,OSAT
2022-07,6239,7683710.0,力成,sii,PTI,OSAT
2022-08,6239,7084719.0,力成,sii,PTI,OSAT
2022-09,6239,6661704.0,力成,sii,PTI,OSAT
2022-10,6239,6613525.0,力成,sii,PTI,OSAT
2022-11,6239,6008704.0,力成,sii,PTI,OSAT
2022-12,6239,5780399.0,力成,sii,PTI,OSAT
2023-01,6239,5000411.0,力成,sii,PTI,OSAT
2023-02,6239,5216116.0,力成,sii,PTI,OSAT
2023-03,6239,5523997.0,力成,sii,PTI,OSAT
2023-04,6239,5607556.0,力成,sii,PTI,OSAT
2023-05,6239,5671423.0,力成,sii,PTI,OSAT
2023-06,6239,5938619.0,力成,sii,PTI,OSAT
2023-07,6239,6185294.0,力成,sii,PTI,OSAT
2023-08,6239,6269639.0,力成,sii,PTI,OSAT
2023-09,6239,5994038.0,力成,sii,PTI,OSAT
2023-10,6239,6086492.0,力成,sii,PTI,OSAT
2023-11,6239,6468145.0,力成,sii,PTI,OSAT
2023-12,6239,6479215.0,力成,sii,PTI,OSAT
2024-01,6239,6111928.0,力成,sii,PTI,OSAT
2024-02,6239,5875401.0,力成,sii,PTI,OSAT
2024-03,6239,6341552.0,力成,sii,PTI,OSAT
2024-04,6239,6498874.0,力成,sii,PTI,OSAT
2024-05,6239,6557351.0,力成,sii,PTI,OSAT
2024-06,6239,6530255.0,力成,sii,PTI,OSAT
2024-07,6239,6269673.0,力成,sii,PTI,OSAT
2024-08,6239,6326365.0,力成,sii,PTI,OSAT
2024-09,6239,5706214.0,力成,sii,PTI,OSAT
2024-10,6239,5798085.0,力成,sii,PTI,OSAT
2024-11,6239,5709002.0,力成,sii,PTI,OSAT
2024-12,6239,5590342.0,力成,sii,PTI,OSAT
2025-01,6239,5063233.0,力成,sii,PTI,OSAT
2025-02,6239,4976445.0,力成,sii,PTI,OSAT
2025-03,6239,5454258.0,力成,sii,PTI,OSAT
2025-04,6239,5717494.0,力成,sii,PTI,OSAT
2025-05,6239,6079509.0,力成,sii,PTI,OSAT
2025-06,6239,6263023.0,力成,sii,PTI,OSAT
2025-07,6239,6392589.0,力成,sii,PTI,OSAT
2025-08,6239,6875752.0,力成,sii,PTI,OSAT
2025-09,6239,6699982.0,力成,sii,PTI,OSAT
2025-10,6239,6970469.0,力成,sii,PTI,OSAT
2025-11,6239,7140037.0,力成,sii,PTI,OSAT
2025-12,6239,7296529.0,力成,sii,PTI,OSAT
2026-01,6239,7242567.0,力成,sii,PTI,OSAT
2026-02,6239,6699962.0,力成,sii,PTI,OSAT
2026-03,6239,7371638.0,力成,sii,PTI,OSAT
2026-04,6239,7575240.0,力成,sii,PTI,OSAT
2026-05,6239,7917615.0,力成,sii,PTI,OSAT
2018-12,6669,17055071.0,緯穎,sii,Wiwynn,AI서버
2019-01,6669,15242621.0,緯穎,sii,Wiwynn,AI서버
2019-02,6669,11155782.0,緯穎,sii,Wiwynn,AI서버
2019-03,6669,12037937.0,緯穎,sii,Wiwynn,AI서버
2019-04,6669,12288106.0,緯穎,sii,Wiwynn,AI서버
2019-05,6669,13505690.0,緯穎,sii,Wiwynn,AI서버
2019-06,6669,16469428.0,緯穎,sii,Wiwynn,AI서버
2019-07,6669,11268041.0,緯穎,sii,Wiwynn,AI서버
2019-08,6669,11007754.0,緯穎,sii,Wiwynn,AI서버
2019-09,6669,11265910.0,緯穎,sii,Wiwynn,AI서버
2019-10,6669,15488010.0,緯穎,sii,Wiwynn,AI서버
2019-11,6669,15697738.0,緯穎,sii,Wiwynn,AI서버
2019-12,6669,18368631.0,緯穎,sii,Wiwynn,AI서버
2020-01,6669,12421637.0,緯穎,sii,Wiwynn,AI서버
2020-02,6669,11857759.0,緯穎,sii,Wiwynn,AI서버
2020-03,6669,10869031.0,緯穎,sii,Wiwynn,AI서버
2020-04,6669,13208168.0,緯穎,sii,Wiwynn,AI서버
2020-05,6669,16461603.0,緯穎,sii,Wiwynn,AI서버
2020-06,6669,22401161.0,緯穎,sii,Wiwynn,AI서버
2020-07,6669,15609333.0,緯穎,sii,Wiwynn,AI서버
2020-08,6669,14782687.0,緯穎,sii,Wiwynn,AI서버
2020-09,6669,16813564.0,緯穎,sii,Wiwynn,AI서버
2020-10,6669,19827765.0,緯穎,sii,Wiwynn,AI서버
2020-11,6669,17307428.0,緯穎,sii,Wiwynn,AI서버
2020-12,6669,15378815.0,緯穎,sii,Wiwynn,AI서버
2021-01,6669,12324604.0,緯穎,sii,Wiwynn,AI서버
2021-02,6669,11621199.0,緯穎,sii,Wiwynn,AI서버
2021-03,6669,15340839.0,緯穎,sii,Wiwynn,AI서버
2021-04,6669,16616629.0,緯穎,sii,Wiwynn,AI서버
2021-05,6669,16411547.0,緯穎,sii,Wiwynn,AI서버
2021-06,6669,18168341.0,緯穎,sii,Wiwynn,AI서버
2021-07,6669,14165345.0,緯穎,sii,Wiwynn,AI서버
2021-08,6669,14352012.0,緯穎,sii,Wiwynn,AI서버
2021-09,6669,16746468.0,緯穎,sii,Wiwynn,AI서버
2021-10,6669,14702459.0,緯穎,sii,Wiwynn,AI서버
2021-11,6669,20549549.0,緯穎,sii,Wiwynn,AI서버
2021-12,6669,21626949.0,緯穎,sii,Wiwynn,AI서버
2022-01,6669,12704870.0,緯穎,sii,Wiwynn,AI서버
2022-02,6669,13719131.0,緯穎,sii,Wiwynn,AI서버
2022-03,6669,24281416.0,緯穎,sii,Wiwynn,AI서버
2022-04,6669,19912809.0,緯穎,sii,Wiwynn,AI서버
2022-05,6669,20240386.0,緯穎,sii,Wiwynn,AI서버
2022-06,6669,34904029.0,緯穎,sii,Wiwynn,AI서버
2022-07,6669,21822682.0,緯穎,sii,Wiwynn,AI서버
2022-08,6669,26368154.0,緯穎,sii,Wiwynn,AI서버
2022-09,6669,31483162.0,緯穎,sii,Wiwynn,AI서버
2022-10,6669,23467573.0,緯穎,sii,Wiwynn,AI서버
2022-11,6669,33455853.0,緯穎,sii,Wiwynn,AI서버
2022-12,6669,30515973.0,緯穎,sii,Wiwynn,AI서버
2023-01,6669,16417154.0,緯穎,sii,Wiwynn,AI서버
2023-02,6669,22994647.0,緯穎,sii,Wiwynn,AI서버
2023-03,6669,34814036.0,緯穎,sii,Wiwynn,AI서버
2023-04,6669,18182319.0,緯穎,sii,Wiwynn,AI서버
2023-05,6669,15518732.0,緯穎,sii,Wiwynn,AI서버
2023-06,6669,22607147.0,緯穎,sii,Wiwynn,AI서버
2023-07,6669,17659345.0,緯穎,sii,Wiwynn,AI서버
2023-08,6669,19450877.0,緯穎,sii,Wiwynn,AI서버
2023-09,6669,15707027.0,緯穎,sii,Wiwynn,AI서버
2023-10,6669,18942270.0,緯穎,sii,Wiwynn,AI서버
2023-11,6669,19385281.0,緯穎,sii,Wiwynn,AI서버
2023-12,6669,20222154.0,緯穎,sii,Wiwynn,AI서버
2024-01,6669,18787728.0,緯穎,sii,Wiwynn,AI서버
2024-02,6669,24326337.0,緯穎,sii,Wiwynn,AI서버
2024-03,6669,26514171.0,緯穎,sii,Wiwynn,AI서버
2024-04,6669,21963172.0,緯穎,sii,Wiwynn,AI서버
2024-05,6669,24759583.0,緯穎,sii,Wiwynn,AI서버
2024-06,6669,30758125.0,緯穎,sii,Wiwynn,AI서버
2024-07,6669,31121386.0,緯穎,sii,Wiwynn,AI서버
2024-08,6669,32192450.0,緯穎,sii,Wiwynn,AI서버
2024-09,6669,34504530.0,緯穎,sii,Wiwynn,AI서버
2024-10,6669,35381437.0,緯穎,sii,Wiwynn,AI서버
2024-11,6669,37465174.0,緯穎,sii,Wiwynn,AI서버
2024-12,6669,42767009.0,緯穎,sii,Wiwynn,AI서버
2025-01,6669,37506396.0,緯穎,sii,Wiwynn,AI서버
2025-02,6669,46516815.0,緯穎,sii,Wiwynn,AI서버
2025-03,6669,86632073.0,緯穎,sii,Wiwynn,AI서버
2025-04,6669,63802622.0,緯穎,sii,Wiwynn,AI서버
2025-05,6669,71132658.0,緯穎,sii,Wiwynn,AI서버
2025-06,6669,85808220.0,緯穎,sii,Wiwynn,AI서버
2025-07,6669,84528726.0,緯穎,sii,Wiwynn,AI서버
2025-08,6669,95978718.0,緯穎,sii,Wiwynn,AI서버
2025-09,6669,86316601.0,緯穎,sii,Wiwynn,AI서버
2025-10,6669,91264205.0,緯穎,sii,Wiwynn,AI서버
2025-11,6669,96885487.0,緯穎,sii,Wiwynn,AI서버
2025-12,6669,104290789.0,緯穎,sii,Wiwynn,AI서버
2026-01,6669,83225290.0,緯穎,sii,Wiwynn,AI서버
2026-02,6669,94633137.0,緯穎,sii,Wiwynn,AI서버
2026-03,6669,98649307.0,緯穎,sii,Wiwynn,AI서버
2026-04,6669,82730996.0,緯穎,sii,Wiwynn,AI서버
2026-05,6669,84050473.0,緯穎,sii,Wiwynn,AI서버
2019-01,6770,664382.0,力積電,sii,PSMC,파운드리
2019-02,6770,609625.0,力積電,sii,PSMC,파운드리
2019-03,6770,533857.0,力積電,sii,PSMC,파운드리
2019-04,6770,595405.0,力積電,sii,PSMC,파운드리
2019-05,6770,2663668.0,力積電,sii,PSMC,파운드리
2019-06,6770,2684356.0,力積電,sii,PSMC,파운드리
2019-07,6770,3314936.0,力積電,sii,PSMC,파운드리
2019-08,6770,3236069.0,力積電,sii,PSMC,파운드리
2019-09,6770,3214211.0,力積電,sii,PSMC,파운드리
2019-10,6770,3045608.0,力積電,sii,PSMC,파운드리
2019-11,6770,3059478.0,力積電,sii,PSMC,파운드리
2019-12,6770,3269141.0,力積電,sii,PSMC,파운드리
2020-01,6770,3532845.0,力積電,sii,PSMC,파운드리
2020-02,6770,3349894.0,力積電,sii,PSMC,파운드리
2020-03,6770,3829837.0,力積電,sii,PSMC,파운드리
2020-04,6770,3848115.0,力積電,sii,PSMC,파운드리
2020-05,6770,3909215.0,力積電,sii,PSMC,파운드리
2020-06,6770,3757523.0,力積電,sii,PSMC,파운드리
2020-07,6770,3754614.0,力積電,sii,PSMC,파운드리
2020-08,6770,3866442.0,力積電,sii,PSMC,파운드리
2020-09,6770,3962788.0,力積電,sii,PSMC,파운드리
2020-10,6770,3982992.0,力積電,sii,PSMC,파운드리
2020-11,6770,3942887.0,力積電,sii,PSMC,파운드리
2020-12,6770,3947462.0,力積電,sii,PSMC,파운드리
2021-01,6770,4189994.0,力積電,sii,PSMC,파운드리
2021-02,6770,4243566.0,力積電,sii,PSMC,파운드리
2021-03,6770,4805501.0,力積電,sii,PSMC,파운드리
2021-04,6770,4948749.0,力積電,sii,PSMC,파운드리
2021-05,6770,5181482.0,力積電,sii,PSMC,파운드리
2021-06,6770,5204609.0,力積電,sii,PSMC,파운드리
2021-07,6770,5401935.0,力積電,sii,PSMC,파운드리
2021-08,6770,5848812.0,力積電,sii,PSMC,파운드리
2021-09,6770,6040496.0,力積電,sii,PSMC,파운드리
2021-10,6770,6165238.0,力積電,sii,PSMC,파운드리
2021-11,6770,6720797.0,力積電,sii,PSMC,파운드리
2021-12,6770,6871766.0,力積電,sii,PSMC,파운드리
2022-01,6770,6884583.0,力積電,sii,PSMC,파운드리
2022-02,6770,6620119.0,力積電,sii,PSMC,파운드리
2022-03,6770,7203726.0,力積電,sii,PSMC,파운드리
2022-04,6770,7326656.0,力積電,sii,PSMC,파운드리
2022-05,6770,7401038.0,力積電,sii,PSMC,파운드리
2022-06,6770,7104337.0,力積電,sii,PSMC,파운드리
2022-07,6770,6733600.0,力積電,sii,PSMC,파운드리
2022-08,6770,6432678.0,力積電,sii,PSMC,파운드리
2022-09,6770,6017670.0,力積電,sii,PSMC,파운드리
2022-10,6770,5720036.0,力積電,sii,PSMC,파운드리
2022-11,6770,4542038.0,力積電,sii,PSMC,파운드리
2022-12,6770,4100138.0,力積電,sii,PSMC,파운드리
2023-01,6770,3932436.0,力積電,sii,PSMC,파운드리
2023-02,6770,3690921.0,力積電,sii,PSMC,파운드리
2023-03,6770,3826355.0,力積電,sii,PSMC,파운드리
2023-04,6770,3868213.0,力積電,sii,PSMC,파운드리
2023-05,6770,3712193.0,力積電,sii,PSMC,파운드리
2023-06,6770,3428520.0,力積電,sii,PSMC,파운드리
2023-07,6770,3430420.0,力積電,sii,PSMC,파운드리
2023-08,6770,3471465.0,力積電,sii,PSMC,파운드리
2023-09,6770,3500564.0,力積電,sii,PSMC,파운드리
2023-10,6770,3846930.0,力積電,sii,PSMC,파운드리
2023-11,6770,3886333.0,力積電,sii,PSMC,파운드리
2023-12,6770,3428203.0,力積電,sii,PSMC,파운드리
2024-01,6770,3570405.0,力積電,sii,PSMC,파운드리
2024-02,6770,3571561.0,力積電,sii,PSMC,파운드리
2024-03,6770,3678080.0,力積電,sii,PSMC,파운드리
2024-04,6770,3678495.0,力積電,sii,PSMC,파운드리
2024-05,6770,3725291.0,力積電,sii,PSMC,파운드리
2024-06,6770,3719438.0,力積電,sii,PSMC,파운드리
2024-07,6770,3803408.0,力積電,sii,PSMC,파운드리
2024-08,6770,3947164.0,力積電,sii,PSMC,파운드리
2024-09,6770,3900201.0,力積電,sii,PSMC,파운드리
2024-10,6770,3913891.0,力積電,sii,PSMC,파운드리
2024-11,6770,3716260.0,力積電,sii,PSMC,파운드리
2024-12,6770,3501515.0,力積電,sii,PSMC,파운드리
2025-01,6770,3657160.0,力積電,sii,PSMC,파운드리
2025-02,6770,3769948.0,力積電,sii,PSMC,파운드리
2025-03,6770,3689367.0,力積電,sii,PSMC,파운드리
2025-04,6770,3809252.0,力積電,sii,PSMC,파운드리
2025-05,6770,3632314.0,力積電,sii,PSMC,파운드리
2025-06,6770,3836402.0,力積電,sii,PSMC,파운드리
2025-07,6770,3910411.0,力積電,sii,PSMC,파운드리
2025-08,6770,3977940.0,力積電,sii,PSMC,파운드리
2025-09,6770,3952076.0,力積電,sii,PSMC,파운드리
2025-10,6770,4134047.0,力積電,sii,PSMC,파운드리
2025-11,6770,4092013.0,力積電,sii,PSMC,파운드리
2025-12,6770,4269182.0,力積電,sii,PSMC,파운드리
2026-01,6770,4618023.0,力積電,sii,PSMC,파운드리
2026-02,6770,4222757.0,力積電,sii,PSMC,파운드리
2026-03,6770,4731682.0,力積電,sii,PSMC,파운드리
2026-04,6770,5045881.0,力積電,sii,PSMC,파운드리
2026-05,6770,5770374.0,力積電,sii,PSMC,파운드리
2018-12,8299,2961874.0,群聯,otc,Phison,NAND 컨트롤러
2019-01,8299,3358464.0,群聯,otc,Phison,NAND 컨트롤러
2019-02,8299,2710307.0,群聯,otc,Phison,NAND 컨트롤러
2019-03,8299,3274245.0,群聯,otc,Phison,NAND 컨트롤러
2019-04,8299,3084400.0,群聯,otc,Phison,NAND 컨트롤러
2019-05,8299,3355208.0,群聯,otc,Phison,NAND 컨트롤러
2019-06,8299,3343520.0,群聯,otc,Phison,NAND 컨트롤러
2019-07,8299,4062819.0,群聯,otc,Phison,NAND 컨트롤러
2019-08,8299,4272747.0,群聯,otc,Phison,NAND 컨트롤러
2019-09,8299,4058337.0,群聯,otc,Phison,NAND 컨트롤러
2019-10,8299,4697324.0,群聯,otc,Phison,NAND 컨트롤러
2019-11,8299,4380889.0,群聯,otc,Phison,NAND 컨트롤러
2019-12,8299,4095181.0,群聯,otc,Phison,NAND 컨트롤러
2020-01,8299,3325942.0,群聯,otc,Phison,NAND 컨트롤러
2020-02,8299,4001968.0,群聯,otc,Phison,NAND 컨트롤러
2020-03,8299,5538793.0,群聯,otc,Phison,NAND 컨트롤러
2020-04,8299,3579202.0,群聯,otc,Phison,NAND 컨트롤러
2020-05,8299,3905092.0,群聯,otc,Phison,NAND 컨트롤러
2020-06,8299,3370555.0,群聯,otc,Phison,NAND 컨트롤러
2020-07,8299,3849067.0,群聯,otc,Phison,NAND 컨트롤러
2020-08,8299,3743807.0,群聯,otc,Phison,NAND 컨트롤러
2020-09,8299,4341123.0,群聯,otc,Phison,NAND 컨트롤러
2020-10,8299,4447850.0,群聯,otc,Phison,NAND 컨트롤러
2020-11,8299,4218291.0,群聯,otc,Phison,NAND 컨트롤러
2020-12,8299,4174832.0,群聯,otc,Phison,NAND 컨트롤러
2021-01,8299,4060743.0,群聯,otc,Phison,NAND 컨트롤러
2021-02,8299,3654613.0,群聯,otc,Phison,NAND 컨트롤러
2021-03,8299,5172594.0,群聯,otc,Phison,NAND 컨트롤러
2021-04,8299,5090578.0,群聯,otc,Phison,NAND 컨트롤러
2021-05,8299,5696048.0,群聯,otc,Phison,NAND 컨트롤러
2021-06,8299,5123350.0,群聯,otc,Phison,NAND 컨트롤러
2021-07,8299,5482184.0,群聯,otc,Phison,NAND 컨트롤러
2021-08,8299,5706563.0,群聯,otc,Phison,NAND 컨트롤러
2021-09,8299,5737799.0,群聯,otc,Phison,NAND 컨트롤러
2021-10,8299,6036781.0,群聯,otc,Phison,NAND 컨트롤러
2021-11,8299,5802942.0,群聯,otc,Phison,NAND 컨트롤러
2021-12,8299,4992997.0,群聯,otc,Phison,NAND 컨트롤러
2022-01,8299,5418890.0,群聯,otc,Phison,NAND 컨트롤러
2022-02,8299,5307336.0,群聯,otc,Phison,NAND 컨트롤러
2022-03,8299,6379633.0,群聯,otc,Phison,NAND 컨트롤러
2022-04,8299,5901725.0,群聯,otc,Phison,NAND 컨트롤러
2022-05,8299,5099437.0,群聯,otc,Phison,NAND 컨트롤러
2022-06,8299,5284253.0,群聯,otc,Phison,NAND 컨트롤러
2022-07,8299,5342363.0,群聯,otc,Phison,NAND 컨트롤러
2022-08,8299,4423361.0,群聯,otc,Phison,NAND 컨트롤러
2022-09,8299,4808884.0,群聯,otc,Phison,NAND 컨트롤러
2022-10,8299,4205901.0,群聯,otc,Phison,NAND 컨트롤러
2022-11,8299,4082304.0,群聯,otc,Phison,NAND 컨트롤러
2022-12,8299,4002055.0,群聯,otc,Phison,NAND 컨트롤러
2023-01,8299,2878167.0,群聯,otc,Phison,NAND 컨트롤러
2023-02,8299,3274873.0,群聯,otc,Phison,NAND 컨트롤러
2023-03,8299,3925381.0,群聯,otc,Phison,NAND 컨트롤러
2023-04,8299,3366959.0,群聯,otc,Phison,NAND 컨트롤러
2023-05,8299,3201684.0,群聯,otc,Phison,NAND 컨트롤러
2023-06,8299,3438001.0,群聯,otc,Phison,NAND 컨트롤러
2023-07,8299,3394299.0,群聯,otc,Phison,NAND 컨트롤러
2023-08,8299,3990403.0,群聯,otc,Phison,NAND 컨트롤러
2023-09,8299,5003863.0,群聯,otc,Phison,NAND 컨트롤러
2023-10,8299,5158905.0,群聯,otc,Phison,NAND 컨트롤러
2023-11,8299,5407270.0,群聯,otc,Phison,NAND 컨트롤러
2023-12,8299,5181825.0,群聯,otc,Phison,NAND 컨트롤러
2024-01,8299,5086003.0,群聯,otc,Phison,NAND 컨트롤러
2024-02,8299,4664908.0,群聯,otc,Phison,NAND 컨트롤러
2024-03,8299,6774966.0,群聯,otc,Phison,NAND 컨트롤러
2024-04,8299,5156193.0,群聯,otc,Phison,NAND 컨트롤러
2024-05,8299,5377566.0,群聯,otc,Phison,NAND 컨트롤러
2024-06,8299,5361009.0,群聯,otc,Phison,NAND 컨트롤러
2024-07,8299,4706092.0,群聯,otc,Phison,NAND 컨트롤러
2024-08,8299,4805588.0,群聯,otc,Phison,NAND 컨트롤러
2024-09,8299,4430879.0,群聯,otc,Phison,NAND 컨트롤러
2024-10,8299,3717027.0,群聯,otc,Phison,NAND 컨트롤러
2024-11,8299,4333904.0,群聯,otc,Phison,NAND 컨트롤러
2024-12,8299,4521378.0,群聯,otc,Phison,NAND 컨트롤러
2025-01,8299,3613390.0,群聯,otc,Phison,NAND 컨트롤러
2025-02,8299,4527416.0,群聯,otc,Phison,NAND 컨트롤러
2025-03,8299,5697759.0,群聯,otc,Phison,NAND 컨트롤러
2025-04,8299,6002833.0,群聯,otc,Phison,NAND 컨트롤러
2025-05,8299,5689559.0,群聯,otc,Phison,NAND 컨트롤러
2025-06,8299,6197679.0,群聯,otc,Phison,NAND 컨트롤러
2025-07,8299,5687708.0,群聯,otc,Phison,NAND 컨트롤러
2025-08,8299,5933811.0,群聯,otc,Phison,NAND 컨트롤러
2025-09,8299,6515278.0,群聯,otc,Phison,NAND 컨트롤러
2025-10,8299,7065326.0,群聯,otc,Phison,NAND 컨트롤러
2025-11,8299,7021586.0,群聯,otc,Phison,NAND 컨트롤러
2025-12,8299,8711746.0,群聯,otc,Phison,NAND 컨트롤러
2026-01,8299,10451593.0,群聯,otc,Phison,NAND 컨트롤러
2026-02,8299,12198386.0,群聯,otc,Phison,NAND 컨트롤러
2026-03,8299,18316974.0,群聯,otc,Phison,NAND 컨트롤러
2026-04,8299,20207493.0,群聯,otc,Phison,NAND 컨트롤러
2026-05,8299,22827979.0,群聯,otc,Phison,NAND 컨트롤러
